geo,1950,1951,1952,1953,1954,1955,1956,1957,1958,1959,1960,1961,1962,1963,1964,1965,1966,1967,1968,1969,1970,1971,1972,1973,1974,1975,1976,1977,1978,1979,1980,1981,1982,1983,1984,1985,1986,1987,1988,1989,1990,1991,1992,1993,1994,1995,1996,1997,1998,1999,2000,2001,2002,2003,2004,2005,2006,2007,2008,2009,2010,2011,2012,2013,2014,2015,2016
Albania,0,0,0,0,0,0,0,0,0,0,0,0,0,0,0,0,0,0,0,0,0,0,0,0,0,0,0,0,0,0,0,0,0,0,0,0,0,44,49,69,0,0,130,191,112,259,272,1330,660,532,131,220,216,166,131,0,0,86,84,0,67,0,0,0,0,0,
Antigua and Barbuda,0,0,0,0,0,0,0,0,0,0,0,1,0,2,0,0,2,0,0,0,0,0,1,5,1,5,1,1,0,0,0,0,0,0,0,1,0,0,0,2,1,3,2,4,5,7,0,0,0,0,2,9,4,2,7,0,4,0,0,1,0,0,0,0,0,0,
Argentina,0,0,0,0,0,0,0,0,0,0,0,0,0,0,0,0,1020,1330,1540,1690,1680,0,0,0,0,0,0,2440,1550,998,981,1100,1220,1240,1410,1510,1730,1690,1770,1900,1620,1410,1530,1500,1510,1440,1610,1700,1700,1930,2150,2600,2840,2780,2230,2020,1950,1730,1780,1780,1810,1770,2090,2140,2300,2240,
Armenia,0,0,0,0,0,0,0,0,0,0,0,0,0,0,0,0,0,0,0,0,0,0,0,0,0,0,0,0,0,0,0,59,64,0,0,49,45,62,86,96,203,250,933,288,179,164,114,97,96,98,88,67,70,60,0,0,58,0,56,55,43,39,54,34,33,38,34
Australia,85,114,127,115,117,129,125,127,150,149,151,142,165,148,168,163,154,163,191,157,191,233,221,256,245,227,285,272,258,265,280,282,299,274,314,314,311,346,335,307,374,340,301,326,323,298,323,317,295,296,306,308,286,248,155,0,248,211,240,261,232,245,286,248,250,265,
Austria,0,0,0,0,0,64,105,80,65,81,85,75,70,61,71,71,79,73,67,84,112,102,93,102,116,124,94,98,106,96,91,95,117,129,134,107,99,97,93,87,125,99,118,106,94,84,96,69,91,68,75,77,68,47,59,65,66,51,46,57,43,46,34,35,38,49,42
Azerbaijan,0,0,0,0,0,0,0,0,0,0,0,0,0,0,0,0,0,0,0,0,0,0,0,0,0,0,0,0,0,0,0,204,190,0,0,159,205,178,232,154,424,352,3760,3040,4620,665,541,459,444,375,247,0,0,0,0,0,0,19,0,0,0,0,0,0,0,0,
Bahamas,0,0,0,0,0,0,0,0,0,0,0,0,0,0,0,0,0,0,0,1,0,1,0,0,0,19,0,0,0,35,24,19,0,9,25,35,0,26,0,0,0,0,0,35,56,42,41,47,49,53,61,50,51,50,43,55,59,83,76,88,102,129,129,125,0,0,
Bahrain,0,0,0,0,0,0,0,0,0,0,0,0,0,0,0,0,0,0,0,0,0,0,0,0,0,0,0,0,0,0,0,0,0,0,0,1,0,3,2,0,0,0,0,0,0,0,0,3,2,2,9,4,1,0,0,2,0,0,0,0,0,0,4,5,6,0,
Barbados,0,0,0,0,0,0,0,0,0,0,6,4,2,1,10,0,5,10,8,5,5,5,9,14,9,10,12,9,9,11,14,11,13,15,13,19,9,22,18,17,34,21,22,21,20,17,0,0,0,0,28,28,30,24,25,19,46,30,49,21,28,11,0,1,0,0,
Belarus,0,0,0,0,0,0,0,0,0,0,0,0,0,0,0,0,0,0,0,0,0,0,0,0,0,0,0,0,0,0,0,470,582,0,0,467,406,451,545,692,712,663,898,1080,1090,1220,0,1220,1240,1120,1140,1120,0,0,0,0,0,0,0,0,0,0,0,0,0,0,
Belgium,0,0,0,0,59,61,63,58,54,58,58,64,52,60,54,68,70,72,79,81,106,98,119,106,101,89,91,88,103,158,148,137,146,176,164,200,210,156,154,135,144,142,168,201,184,169,202,177,204,250,167,186,193,142,176,160,144,157,124,128,115,142,130,109,113,119,
Belize,0,0,0,0,0,0,0,0,0,0,0,0,0,0,1,0,0,0,0,1,0,2,0,0,3,0,1,0,0,0,0,0,0,0,0,0,0,1,0,1,4,6,0,0,2,0,0,18,49,40,57,54,66,59,40,47,47,35,36,83,114,121,128,115,114,112,
Bolivia,0,0,0,0,0,0,0,0,0,0,0,0,0,0,0,0,0,0,0,0,0,0,0,0,0,0,0,0,0,0,0,0,0,0,0,0,0,0,0,0,0,0,0,0,0,0,0,0,0,0,13,7,6,18,0,0,0,0,0,0,0,0,0,0,0,0,
Bosnia and Herzegovina,0,0,0,0,0,0,0,0,0,0,0,0,0,0,0,0,0,0,0,0,0,0,0,0,0,0,0,0,0,0,0,0,0,0,0,4,6,10,3,2,1,4,0,0,0,0,0,0,0,0,0,0,0,0,0,0,0,0,0,0,0,0,0,0,46,0,
Brazil,0,0,0,0,0,0,0,0,0,0,0,0,0,0,0,0,0,0,0,0,0,0,0,0,0,0,0,8700,9140,11200,13900,15200,15500,17400,19700,19700,20500,23100,23300,28700,32000,30700,28300,30500,32600,37100,38700,40100,41600,42700,45200,47700,49500,50800,48100,47300,48800,47300,49000,51100,51900,51800,56000,56400,59300,57800,
Brunei,0,0,0,0,0,0,0,0,0,0,0,0,0,0,0,0,0,0,0,0,0,0,0,0,0,0,0,0,0,0,0,0,0,0,0,0,0,0,0,0,0,0,0,0,0,0,0,0,0,0,0,0,0,0,0,0,0,0,0,0,0,1,4,0,1,2,
Bulgaria,0,0,0,0,0,0,0,0,0,0,0,0,0,0,173,161,207,168,186,231,189,242,237,203,218,203,184,211,231,202,222,302,291,262,282,289,258,213,231,223,292,359,404,418,428,398,422,371,317,238,290,244,225,219,222,183,144,144,128,149,113,97,110,90,91,0,
Canada,129,146,148,166,168,168,181,172,201,175,248,217,259,244,241,259,251,316,338,381,433,473,513,540,551,613,563,607,586,583,495,560,592,592,580,537,513,565,487,552,554,622,597,526,498,489,511,431,467,462,467,463,462,447,515,576,487,515,575,574,524,527,493,446,0,0,
Cape Verde,0,0,0,0,0,0,0,0,0,0,0,0,0,0,0,0,0,0,0,0,0,0,0,0,0,0,0,0,0,0,3,0,0,0,0,0,0,0,0,0,0,0,0,0,0,0,0,0,0,0,0,0,0,0,0,0,0,0,0,0,0,51,55,0,0,0,
Chile,0,0,0,0,0,237,300,348,351,298,375,437,141,147,194,160,571,161,595,453,333,370,454,510,227,212,181,211,248,268,286,345,368,374,387,387,376,342,393,372,404,451,402,359,410,464,437,377,420,444,791,833,836,825,845,939,916,748,712,898,777,781,684,676,829,783,
Colombia,0,0,0,3770,3120,4160,5190,5470,6970,5510,4800,5260,5390,5050,4460,4590,3950,4140,3260,2890,0,0,3820,0,4420,4330,4720,5420,0,8380,0,10100,0,0,9360,12100,14300,15600,18900,21600,24000,29400,30000,29500,27600,23400,24800,22700,24700,25800,28700,30100,31700,23600,22300,18800,18000,16700,16900,19600,18400,16700,15700,14700,12900,12300,
Costa Rica,0,0,0,0,0,0,0,0,0,0,0,37,48,43,49,44,61,40,39,50,65,74,60,62,63,94,112,90,79,81,130,106,100,94,114,127,109,131,115,129,135,128,162,166,184,179,195,205,214,235,239,244,235,286,256,300,326,268,393,411,485,438,362,368,443,0,
Croatia,0,0,0,0,0,0,0,0,0,0,0,0,0,0,0,0,0,0,0,0,0,0,0,0,0,0,0,0,0,0,0,0,0,0,0,115,115,119,97,107,136,183,245,228,158,157,131,124,146,128,111,87,66,70,78,56,79,64,74,53,56,44,48,43,35,33,50
Cuba,0,0,0,0,0,0,0,0,0,0,0,0,0,0,457,0,0,0,319,301,349,386,325,338,343,373,349,370,0,0,0,0,0,0,0,0,0,0,0,0,0,0,673,802,901,852,732,747,818,609,587,588,632,621,641,662,553,555,493,545,487,511,605,651,578,592,
Cyprus,0,0,0,0,0,0,0,0,0,0,0,0,0,0,0,0,0,0,0,0,0,0,0,0,0,0,0,0,0,0,0,0,0,0,0,0,0,0,0,0,0,0,0,0,0,0,0,0,0,0,0,0,0,0,10,14,14,11,9,17,4,22,19,12,9,13,12
Czech Republic,0,0,0,0,0,0,0,0,0,0,0,0,0,0,0,0,0,0,0,0,0,0,0,0,0,0,0,0,0,0,0,0,0,0,0,0,110,107,85,103,197,182,201,222,229,184,168,162,166,150,150,135,130,134,122,92,99,108,75,88,84,85,88,92,79,89,53
Denmark,0,44,37,55,33,24,44,24,24,22,23,18,23,37,20,28,25,23,28,32,33,48,29,46,37,29,35,35,27,50,67,70,50,59,52,74,61,54,57,62,51,71,69,63,70,57,53,59,48,54,62,46,50,61,35,55,36,46,44,43,42,43,18,20,38,33,
Dominica,0,0,0,0,0,0,0,0,0,0,0,0,0,0,0,0,0,1,2,0,0,0,0,1,3,0,1,0,2,2,0,4,1,0,1,1,3,0,0,0,0,0,4,3,1,4,0,4,1,5,1,1,9,7,4,0,2,2,0,2,16,5,8,12,8,11,
Dominican Republic,0,0,0,0,0,0,0,0,0,0,0,0,0,0,0,186,215,214,205,125,381,288,192,230,226,219,220,213,238,229,187,239,257,299,265,310,367,439,439,496,516,480,371,0,365,360,392,529,634,625,490,393,347,333,498,701,571,510,608,760,911,929,1260,2060,0,0,
Ecuador,0,0,0,0,0,0,0,0,0,0,0,605,0,416,254,308,354,425,325,422,490,454,441,408,489,487,0,525,479,432,504,653,691,750,828,819,957,1000,1030,1120,1060,1200,1310,1440,1280,1530,1630,1470,1830,1830,2070,1980,2060,1760,2310,2400,2350,2290,2460,2170,2320,2110,1700,1260,1040,969,
Egypt,0,0,0,0,0,275,322,302,247,331,341,451,376,394,225,149,0,0,0,0,0,0,0,538,397,427,480,643,411,324,371,0,0,0,0,0,0,241,0,0,0,0,0,0,0,0,0,0,0,0,50,63,86,135,74,84,75,60,65,81,75,189,232,265,229,145,
El Salvador,786,761,854,832,843,854,954,773,712,740,792,999,921,876,901,878,850,907,794,932,1100,986,1110,1040,1280,0,0,0,0,0,0,1880,2580,2270,1930,0,0,0,0,0,1460,1460,1910,2480,0,2530,2540,2190,2610,2300,2200,2190,1960,2090,2610,3270,3420,3080,2810,3760,3380,3600,2330,2160,3340,0,
Estonia,0,0,0,0,0,0,0,0,0,0,0,0,0,0,0,0,0,0,0,0,0,0,0,0,0,0,0,0,0,0,0,126,122,0,0,101,92,88,93,123,174,170,302,389,425,328,293,237,265,227,190,206,159,148,109,122,99,95,91,81,62,65,65,51,42,42,
Fiji,0,0,0,0,0,0,0,0,0,0,0,0,0,0,0,0,0,0,0,0,0,0,0,0,0,0,0,0,5,0,0,0,0,0,0,0,0,0,0,0,0,0,0,0,0,0,0,0,0,0,0,6,65,17,5,12,9,4,6,9,0,8,12,0,0,0,
Finland,0,0,136,133,132,112,114,116,99,80,129,111,118,107,94,90,101,103,97,121,93,126,150,126,120,171,155,135,143,127,158,130,136,149,134,134,160,132,138,158,160,154,173,166,165,150,168,139,124,143,136,153,133,96,130,101,105,114,118,103,101,99,72,77,75,68,
France,320,0,252,277,251,303,347,845,981,851,716,1010,720,362,396,378,346,445,369,422,374,396,450,417,495,534,479,522,540,577,545,546,619,685,723,694,657,603,558,630,614,625,581,623,649,624,595,551,436,419,497,485,476,448,464,427,412,371,439,476,404,396,398,395,285,0,
Georgia,0,0,0,0,0,0,0,0,0,0,0,0,0,0,0,0,0,0,0,0,0,0,0,0,0,0,0,0,0,0,0,158,120,0,0,122,103,136,151,228,151,74,10,0,9,1,19,76,174,158,138,176,0,0,112,59,54,48,0,29,15,18,37,45,87,67,
Germany,0,0,0,0,0,0,0,0,0,0,0,0,0,0,0,0,0,0,0,0,0,0,0,0,0,0,0,0,0,0,0,0,0,0,0,0,0,0,0,0,800,916,949,966,954,926,885,752,691,699,579,548,591,539,522,448,470,438,429,427,463,432,394,382,355,416,
Greece,0,0,0,0,0,0,0,0,0,0,0,109,100,92,82,90,75,65,64,64,51,51,45,67,51,71,60,58,66,68,65,82,91,80,93,106,94,79,107,83,107,148,127,133,119,139,166,167,144,130,125,115,84,122,101,119,95,130,150,167,165,186,173,158,111,96,
Grenada,0,0,0,0,0,0,0,0,0,0,0,0,0,0,0,0,0,0,0,0,0,0,0,0,0,1,4,0,3,0,0,0,0,0,5,0,0,0,0,0,1,0,0,4,2,0,3,0,0,0,0,0,2,0,0,1,2,1,1,0,0,3,4,7,4,4,7
Guatemala,0,0,0,0,0,0,0,0,0,0,0,0,0,473,494,453,679,1120,909,698,1040,1070,0,0,94,0,0,109,0,1570,4570,8080,0,0,256,0,1570,1890,1970,1640,1660,1690,1690,1690,2040,1970,2170,3000,2810,1980,2160,2290,2780,3340,3400,4370,4300,4130,5030,6040,5480,4280,3820,4190,4140,4040,
Guyana,0,0,0,0,0,0,0,0,0,0,0,0,0,0,0,0,0,0,0,0,0,0,0,0,0,0,0,0,0,2,0,0,0,0,2,0,0,0,34,65,56,48,41,33,42,53,32,28,21,33,0,67,151,183,104,138,159,105,118,68,112,124,84,134,0,0,
Haiti,0,0,0,0,0,0,0,0,0,0,0,0,0,0,0,0,0,0,0,0,0,0,0,0,0,0,0,0,0,0,1,3,0,4,0,0,0,0,0,0,0,0,0,0,0,0,0,0,0,107,0,152,153,173,51,0,0,0,0,0,0,0,0,0,0,0,
Honduras,0,0,0,0,0,0,0,0,0,0,0,0,0,0,0,0,0,0,0,0,0,0,0,0,0,0,39,40,40,0,0,0,0,0,0,0,0,816,982,654,1140,0,0,0,0,0,0,0,0,0,0,0,0,0,0,0,0,0,31,66,68,93,83,138,0,0,
Hungary,0,0,0,0,0,195,228,381,255,278,157,214,195,176,173,158,190,192,234,226,202,217,222,236,206,212,224,215,240,246,276,272,258,262,278,283,299,266,283,308,322,418,414,421,362,360,288,305,295,254,230,227,224,183,195,178,175,163,192,132,138,147,139,117,87,114,89
Iceland,0,0,1,5,0,1,0,2,1,1,0,1,0,1,1,1,1,0,3,0,0,2,0,5,5,1,4,2,3,4,2,3,0,2,1,3,3,2,5,0,1,5,3,1,0,0,1,3,0,2,6,2,5,0,4,3,1,2,1,1,2,3,1,2,1,3,1
Iran,0,0,0,0,0,0,0,0,0,0,0,0,0,0,0,0,0,0,0,0,0,0,0,0,0,0,0,0,0,0,0,0,0,0,0,0,0,0,0,0,0,0,0,0,0,0,0,0,0,0,0,0,0,0,0,0,0,0,0,0,0,0,0,2020,1920,840,
Iraq,0,0,0,0,0,0,0,0,0,0,0,0,0,0,0,0,0,0,0,0,0,0,0,0,0,0,0,0,0,0,0,0,0,0,0,0,0,0,0,0,0,0,0,0,0,0,0,0,0,0,0,0,0,0,0,0,0,0,2640,0,0,0,0,0,0,0,
Ireland,11,7,8,13,9,7,2,6,8,10,3,5,10,6,16,8,12,13,10,8,11,15,21,11,22,30,11,28,24,29,23,69,22,27,20,23,29,40,29,22,22,21,28,23,25,27,33,30,41,37,38,40,43,36,24,38,42,48,38,48,37,26,39,25,31,0,
Israel,0,0,0,0,0,0,0,0,0,0,0,0,0,0,0,0,0,0,0,0,0,0,0,0,0,54,58,52,60,70,69,75,69,84,60,91,77,59,59,110,80,61,58,122,119,78,56,30,29,127,189,363,500,326,232,215,216,144,144,149,158,164,136,131,131,136,
Italy,0,691,690,654,666,714,753,677,673,615,657,575,500,488,452,460,424,483,471,448,443,541,575,632,625,712,771,802,813,900,1070,1090,1180,1100,935,841,721,928,1070,1290,1530,1630,1280,986,903,861,834,720,732,705,599,551,560,628,609,511,516,541,494,488,449,439,449,409,362,379,
Jamaica,0,0,0,0,0,0,0,0,0,0,39,23,0,0,21,10,0,33,31,31,11,18,0,0,0,11,0,15,0,0,17,15,5,53,33,32,5,71,5,5,2,9,0,0,0,0,0,0,0,0,24,27,12,15,10,1680,19,0,0,1550,43,952,0,0,0,0,
Japan,1920,1780,1770,1760,1960,2120,1840,1850,1970,1870,1750,1600,1490,1480,1480,1410,1410,1400,1460,1430,1390,1400,1380,1400,1390,1450,1420,1380,1310,1190,1110,1150,1090,1150,1130,1020,1030,918,916,767,744,685,748,805,789,692,651,699,766,765,747,698,703,684,628,578,563,505,534,466,428,398,377,318,345,308,
Jordan,0,0,0,0,0,0,0,0,0,0,0,0,0,0,0,0,0,0,0,0,0,0,0,0,0,0,0,0,0,0,0,0,0,0,0,0,0,0,0,0,0,0,0,0,0,0,0,0,0,0,0,0,0,0,0,0,0,0,124,133,137,146,116,0,0,0,
Kazakhstan,0,0,0,0,0,0,0,0,0,0,0,0,0,0,0,0,0,0,0,0,0,0,0,0,0,0,0,0,0,0,0,1490,1440,0,0,1250,907,1050,1160,1670,1970,2050,2450,2990,2990,3210,2990,2820,2720,2450,2480,2310,1960,2210,0,0,0,0,0,0,0,0,0,1080,1020,1050,
Kiribati,0,0,0,0,0,0,0,0,0,0,0,0,0,0,0,0,0,0,0,0,0,0,0,0,0,0,0,0,0,0,0,0,0,0,0,0,0,0,0,0,0,0,0,0,0,0,1,0,0,0,3,4,0,0,0,0,0,0,0,0,0,0,0,0,0,0,
Kuwait,0,0,0,0,0,0,0,0,0,0,0,0,0,0,0,0,0,0,0,0,0,0,24,0,0,15,10,10,14,6,12,5,7,10,25,32,13,10,0,0,0,0,0,22,28,16,31,24,28,39,25,39,26,78,199,34,40,27,27,18,21,15,14,18,31,0,
Kyrgyz Republic,0,0,0,0,0,0,0,0,0,0,0,0,0,0,0,0,0,0,0,0,0,0,0,0,0,0,0,0,0,0,0,276,248,0,0,203,120,169,205,308,612,397,511,568,611,545,500,395,351,341,376,324,332,301,318,370,329,301,282,322,323,296,239,203,199,201,
Latvia,0,0,0,0,0,0,0,0,0,0,0,0,0,0,0,0,0,0,0,0,0,0,0,0,0,0,0,0,0,0,148,178,153,168,156,137,112,115,156,234,245,307,420,638,585,457,382,393,316,308,297,289,265,246,216,229,218,189,171,132,131,122,120,118,135,100,
Lithuania,0,0,0,0,0,0,0,0,0,0,0,0,0,0,0,0,0,0,0,0,0,0,0,0,0,0,0,0,0,0,0,230,225,0,0,214,177,139,169,212,281,339,394,465,497,434,344,336,303,225,345,273,180,248,214,191,189,174,177,147,131,158,135,144,112,121,100
Luxembourg,0,0,0,0,0,0,0,0,0,0,0,0,0,0,0,0,0,1,5,2,2,5,2,2,2,2,2,5,5,6,7,4,9,6,8,6,7,6,5,11,11,9,8,1,5,3,4,3,3,4,5,8,8,4,1,7,7,6,5,5,11,2,1,1,4,5,
"Macedonia, FYR",0,0,0,0,0,0,0,0,0,0,0,0,0,0,0,0,0,0,0,0,0,0,0,0,0,0,0,0,0,0,0,0,0,0,0,0,0,0,0,0,0,28,37,40,35,32,48,47,45,53,61,131,69,66,56,52,51,48,40,29,44,29,34,18,0,0,
Malaysia,0,0,0,0,0,0,0,0,0,0,0,0,0,0,0,0,0,0,0,0,0,0,0,0,0,0,0,0,0,0,0,0,0,0,0,0,0,0,0,0,0,0,0,0,0,0,0,0,0,0,138,237,205,211,229,206,279,302,230,212,181,167,217,133,132,0,
Maldives,0,0,0,0,0,0,0,0,0,0,0,0,0,0,0,0,0,0,0,0,0,0,0,0,0,0,0,0,0,0,0,0,0,0,0,0,0,0,0,0,0,0,0,0,0,0,0,0,0,0,0,1,2,0,0,1,0,0,2,0,2,1,0,0,0,0,
Malta,0,0,0,0,0,0,0,0,0,0,0,0,0,0,0,1,0,1,0,0,0,0,2,2,1,0,0,1,4,0,3,6,5,3,1,0,2,3,4,4,4,1,6,6,3,3,5,2,7,9,4,9,5,0,6,2,0,3,5,3,4,2,6,6,4,3,
Mauritius,0,0,0,0,0,0,0,0,0,0,0,6,5,5,12,14,15,15,48,20,17,20,9,16,27,15,11,6,9,22,15,7,13,12,13,6,7,21,22,27,23,33,32,25,21,15,30,20,28,33,32,27,29,32,35,45,63,44,52,35,50,41,31,43,23,30,20
Mexico,0,0,0,0,0,10800,10500,10400,10200,11300,11200,10600,10100,8410,8780,8230,8230,8630,8710,4630,8450,7810,7510,7060,12900,10600,10200,11800,11500,11700,12100,12500,13100,12700,12200,14800,15800,15600,15100,15300,14500,15100,16600,16000,15800,15600,14500,13500,13600,12200,10700,10200,9940,9960,9210,9820,10300,8420,14000,18900,24800,26100,24700,21700,19000,19900,
Moldova,0,0,0,0,0,0,0,0,0,0,0,0,0,0,0,0,0,0,0,0,0,0,0,0,0,0,0,0,0,0,0,381,379,0,0,323,255,245,330,367,396,389,601,548,626,719,572,471,413,407,429,405,374,336,270,294,263,244,261,231,247,194,205,229,176,171,174
Monaco,0,0,0,0,0,0,0,0,0,0,0,0,0,0,0,0,0,0,0,0,0,0,0,0,0,0,0,0,0,0,0,0,0,0,0,0,0,0,0,0,0,0,0,0,0,0,0,0,0,0,0,0,0,0,0,0,0,0,0,0,0,0,0,0,0,0,
Mongolia,0,0,0,0,0,0,0,0,0,0,0,0,0,0,0,0,0,0,0,0,0,0,0,0,0,0,0,0,0,0,0,0,0,0,0,0,0,0,0,0,0,0,0,0,0,0,0,0,0,0,0,0,0,0,0,0,0,0,0,0,0,0,0,0,0,0,123
Montenegro,0,0,0,0,0,0,0,0,0,0,0,0,0,0,0,0,0,0,0,0,0,0,0,0,0,0,0,0,0,0,0,0,0,0,0,0,0,0,0,0,0,0,0,0,0,0,0,0,0,0,0,0,0,0,0,24,0,5,15,14,0,0,0,0,0,0,
Morocco,0,0,0,0,0,0,0,0,0,0,0,0,0,0,0,0,0,0,0,0,0,0,0,0,0,0,0,0,0,0,0,0,0,0,0,0,0,0,0,0,0,0,0,0,0,0,0,0,0,0,69,70,27,35,45,0,0,75,53,60,81,75,110,70,120,0,
Netherlands,41,38,36,31,29,30,18,36,36,38,35,42,28,45,47,41,51,55,51,67,65,74,72,81,109,96,112,120,112,120,111,116,121,135,137,126,151,136,131,147,135,177,193,192,171,193,207,199,173,202,181,193,189,199,189,169,127,136,144,151,141,134,136,126,123,105,97
New Zealand,20,23,20,17,18,23,11,15,24,25,24,25,19,15,33,29,20,37,20,31,35,25,30,25,44,33,34,55,58,49,40,42,41,51,38,66,73,65,58,72,78,66,82,51,70,45,68,68,57,51,55,53,70,56,49,73,65,57,44,75,48,50,54,52,0,0,
Nicaragua,0,0,0,0,0,0,0,0,0,0,0,251,352,345,412,421,0,0,482,620,0,0,0,459,456,401,309,693,259,0,0,0,0,0,0,0,0,0,176,170,178,229,232,217,241,0,285,287,259,313,338,368,352,493,537,569,377,465,559,493,348,397,418,380,407,245,
Norway,0,11,12,12,12,9,13,19,19,16,15,16,16,24,19,20,16,17,23,27,24,22,29,30,25,28,30,33,30,38,46,55,42,51,45,40,65,60,49,55,49,66,47,42,34,45,46,34,40,32,48,32,38,40,33,29,45,33,27,31,33,114,30,50,31,21,
Oman,0,0,0,0,0,0,0,0,0,0,0,0,0,0,0,0,0,0,0,0,0,0,0,0,0,0,0,0,0,0,0,0,0,0,0,0,0,0,0,0,0,0,0,0,0,0,0,0,0,0,0,0,0,0,0,0,0,0,0,0,3,0,0,0,2,0,
Panama,0,0,0,0,0,49,54,44,50,53,59,39,65,59,62,60,57,64,59,66,49,55,43,47,46,41,31,36,44,40,41,48,54,50,59,115,123,156,160,123,0,0,0,0,0,0,211,293,248,241,288,305,360,351,318,374,379,473,648,793,756,747,708,674,623,465,
Papua New Guinea,0,0,0,0,0,0,0,0,0,0,0,0,0,0,0,0,0,0,0,0,0,0,0,0,0,0,0,4,0,0,4,0,0,0,0,0,0,0,0,0,0,0,0,0,0,0,0,0,0,0,0,0,0,0,0,0,0,0,0,0,0,0,0,0,0,0,
Paraguay,0,0,0,0,0,0,0,0,0,0,0,0,0,0,0,0,0,0,0,0,0,0,0,0,0,0,0,0,0,0,0,0,0,0,0,0,0,0,0,0,0,0,0,0,459,515,605,515,546,535,672,681,660,722,762,703,656,598,606,655,627,548,515,534,539,0,
Peru,0,0,0,0,0,0,0,0,0,0,0,0,0,0,0,0,202,263,242,214,228,254,184,232,0,0,0,168,239,0,0,0,0,407,0,0,587,626,578,797,1010,665,1450,0,851,796,641,582,761,347,450,388,356,398,472,492,415,464,369,356,418,367,766,589,844,917,
Philippines,0,0,0,0,0,0,0,0,0,0,0,0,0,2560,2740,2830,3340,4510,4870,6100,6370,764,345,913,543,591,729,257,452,0,0,188,0,0,0,0,0,0,0,0,0,0,515,7730,0,0,0,10900,11200,10900,11700,12800,13300,13100,0,0,13100,12600,12500,12200,12300,12000,0,0,0,0,
Poland,0,0,0,0,0,0,0,0,0,324,287,332,329,261,241,261,308,307,301,342,352,366,300,326,295,355,416,454,446,362,0,0,0,540,667,584,595,644,663,782,1120,1100,1130,1040,1150,1090,1020,0,0,861,771,637,648,569,538,520,528,489,452,384,328,388,350,407,315,272,
Portugal,0,0,0,0,0,119,134,116,92,75,82,128,86,91,109,89,82,123,78,81,69,103,63,70,118,178,164,163,149,154,126,117,126,152,171,144,139,128,139,152,165,162,152,149,153,172,131,125,131,118,97,134,180,170,0,0,0,109,146,103,131,99,119,94,105,0,
Qatar,0,0,0,0,0,0,0,0,0,0,0,0,0,0,0,0,0,0,0,0,0,0,0,0,0,0,0,0,0,0,0,0,0,0,0,0,0,0,0,0,0,0,0,0,0,0,0,0,0,0,0,5,0,0,5,6,5,9,12,7,4,4,7,9,9,2,4
Romania,0,0,0,0,0,0,0,0,0,0,0,0,0,0,0,0,0,0,0,0,0,0,0,0,0,0,0,0,0,0,0,0,0,0,0,0,0,0,0,895,1230,1050,1130,978,1010,941,851,861,754,747,745,691,738,760,626,500,440,417,490,462,478,396,412,336,343,278,282
Russia,0,0,0,0,0,0,0,0,0,0,0,0,0,0,0,0,0,0,0,0,0,0,0,0,0,0,0,0,0,0,17800,17900,17600,0,0,15000,10600,11300,14300,18500,21100,22600,33900,45100,47900,45300,39100,35000,33600,0,0,0,0,0,0,0,0,0,0,0,0,0,0,0,0,0,
San Marino,0,0,0,0,0,0,0,0,0,0,0,0,0,0,0,0,0,0,0,0,0,0,0,0,0,0,0,0,0,0,0,0,0,0,0,0,0,0,0,0,0,0,0,0,0,0,0,0,0,0,0,0,1,0,0,0,0,0,0,0,0,0,0,0,0,0,
Sao Tome and Principe,0,0,0,0,0,0,0,0,0,0,0,0,0,0,0,0,0,0,0,0,0,0,0,0,0,0,0,0,0,0,0,0,0,0,1,2,0,3,0,0,0,0,0,0,0,0,0,0,0,0,0,0,0,0,0,0,0,0,0,0,0,0,0,0,0,0,
Serbia,0,0,0,0,0,0,0,0,0,0,0,0,0,0,0,0,0,0,0,0,0,0,0,0,0,0,0,0,0,0,0,0,0,0,0,0,0,0,0,0,0,0,0,0,0,0,0,0,261,243,202,217,164,178,138,162,154,199,142,140,130,128,118,152,114,100,
Seychelles,0,0,0,0,0,0,0,0,0,0,0,0,0,0,0,0,0,0,0,0,0,0,0,0,0,0,0,0,0,0,0,0,5,0,0,5,3,3,0,0,0,0,0,0,0,0,0,0,0,0,0,0,0,0,0,0,0,0,0,0,0,0,0,0,0,0,
Singapore,0,0,0,0,0,0,0,0,0,0,0,0,0,13,19,44,33,34,28,33,35,43,51,38,48,42,37,38,39,39,56,44,37,58,69,62,61,45,50,68,41,33,34,34,26,27,16,27,24,31,35,25,21,27,20,21,12,16,19,18,13,20,9,8,9,15,
Slovak Republic,0,0,0,0,0,0,0,0,0,0,0,0,0,0,0,0,0,0,0,0,0,0,0,0,0,0,0,0,0,0,0,0,0,0,0,0,0,0,0,0,0,0,128,128,121,113,108,137,114,132,118,109,116,102,92,87,0,0,69,61,65,0,57,67,46,0,
Slovenia,0,0,0,0,0,0,0,0,0,0,0,0,0,0,0,0,0,0,0,0,0,0,0,0,0,0,0,0,0,0,0,0,0,0,0,41,33,30,31,47,41,50,47,27,40,47,42,45,20,28,22,16,28,26,37,23,13,21,13,11,10,18,15,21,20,13,
South Africa,0,0,0,0,0,0,0,0,0,0,0,0,0,0,0,0,0,0,0,0,0,0,0,0,0,0,0,0,0,0,0,0,0,0,0,0,0,0,0,0,0,0,0,0,0,0,224,1280,1270,2850,2060,3700,2130,2510,4150,4910,5310,5590,5420,5010,5010,4940,4880,4970,5270,7150,
South Korea,0,0,0,0,0,0,0,0,0,0,0,0,0,0,0,0,0,0,0,0,0,0,0,0,0,0,0,0,0,0,0,0,0,0,0,395,412,447,431,595,658,620,560,721,720,821,880,984,988,788,811,746,795,829,873,853,777,696,669,669,613,542,535,559,506,508,
Spain,0,138,123,91,99,90,130,150,153,133,84,56,31,42,20,44,54,39,33,83,214,83,104,103,123,225,187,240,338,393,374,321,307,390,453,405,407,457,349,341,381,346,347,373,353,353,343,342,355,340,405,414,430,444,579,384,373,344,373,327,319,325,294,311,301,276,
Sri Lanka,313,301,311,328,439,372,360,341,457,415,326,270,333,257,270,324,390,306,260,0,0,0,0,0,0,0,0,951,0,0,338,422,529,1070,834,1090,1100,2160,2260,6210,0,4170,3500,0,0,5290,1230,0,0,0,0,0,0,0,0,0,651,0,0,0,0,0,0,0,0,0,
St. Kitts and Nevis,0,0,0,0,0,0,0,0,0,0,0,2,0,1,0,0,2,2,0,0,0,0,0,0,0,0,0,0,0,0,1,0,0,0,0,1,0,1,3,3,4,3,1,2,7,6,3,7,1,5,0,6,5,10,9,0,1,4,13,6,12,25,14,0,20,23,
St. Lucia,0,0,0,0,0,0,0,0,0,0,0,0,0,0,0,0,0,0,0,0,0,0,0,2,0,0,0,0,0,1,0,2,0,5,0,0,5,3,11,7,14,10,14,8,10,16,12,13,14,16,28,26,38,34,38,29,11,0,4,32,40,44,37,33,34,0,
St. Vincent and the Grenadines,0,0,0,0,0,0,0,0,0,0,0,0,0,0,0,0,0,0,0,0,0,1,0,0,3,0,0,0,6,2,0,0,0,0,1,8,9,0,0,0,1,0,0,0,0,14,9,4,20,12,15,12,15,10,29,24,13,37,9,14,13,14,18,24,39,25,
Suriname,0,0,0,0,0,0,0,0,0,0,0,0,0,3,3,10,5,0,0,0,0,13,8,19,0,20,8,11,13,20,14,15,7,0,22,20,10,14,18,20,15,9,6,0,0,20,14,18,34,28,20,22,15,19,7,9,19,39,16,36,38,35,30,34,34,0,
Sweden,0,43,48,47,56,48,65,54,51,52,45,39,39,63,62,56,65,70,54,71,67,76,87,82,102,94,103,97,82,112,97,119,101,101,92,104,120,99,117,127,108,125,117,113,107,85,110,95,98,109,91,86,103,82,100,84,79,108,71,87,88,71,62,80,79,98,87
Switzerland,0,60,56,54,52,56,33,39,34,48,31,39,57,38,45,34,39,49,45,33,44,60,58,43,61,60,56,54,46,58,60,76,87,90,60,93,64,79,80,85,99,93,101,111,94,68,77,100,59,71,57,82,74,50,66,63,43,44,43,55,39,41,40,45,33,45,
Syria,0,0,0,0,0,0,0,0,0,0,0,0,0,0,0,0,0,0,0,0,0,0,0,0,0,0,0,0,0,0,0,0,0,0,0,0,0,0,0,0,0,0,0,0,0,0,0,0,0,0,0,0,0,0,0,0,0,0,0,0,213,0,0,0,0,0,
Tajikistan,0,0,0,0,0,0,0,0,0,0,0,0,0,0,0,0,0,0,0,0,0,0,0,0,0,0,0,0,0,0,0,102,125,0,0,93,49,65,94,118,123,127,581,2790,591,354,650,578,507,372,187,156,215,185,151,123,0,0,0,0,0,0,0,0,0,0,77
Thailand,0,0,0,0,0,0,0,2300,2920,2070,2310,2680,3110,3440,4190,4570,4560,5190,5430,5780,5980,5770,4650,6220,7480,12000,8600,8060,9200,11900,11700,12500,10700,8210,7350,6130,5430,5230,0,0,4770,4640,4950,0,4160,3560,5840,3620,4250,5700,4290,0,3400,4830,3050,3400,3360,3470,3160,2860,3300,2940,2970,3020,2650,2170,1770
Trinidad and Tobago,0,28,32,46,45,46,50,49,29,0,38,41,52,41,0,0,0,85,59,0,50,40,43,58,70,55,58,68,54,51,23,33,34,58,63,106,80,118,90,98,77,95,124,122,146,136,123,107,109,113,149,193,175,249,286,396,387,407,557,466,477,351,0,0,0,0,
Tunisia,0,0,0,0,0,0,0,0,0,0,0,0,0,0,0,0,0,0,0,0,0,0,0,0,0,0,0,0,0,0,0,0,0,0,0,0,0,0,0,0,0,0,0,0,0,0,0,0,0,0,0,0,0,0,0,0,0,0,0,11,0,0,0,10,0,0,
Turkey,0,0,0,0,0,0,0,0,0,0,0,0,0,0,0,0,0,0,0,0,0,0,0,0,0,0,0,0,0,0,0,0,0,0,0,0,0,0,0,0,0,0,0,0,0,0,0,0,0,0,0,0,0,0,0,0,0,0,0,881,1080,904,944,1300,1200,1080,
Turkmenistan,0,0,0,0,0,0,0,0,0,0,0,0,0,0,0,0,0,0,0,0,0,0,0,0,0,0,0,0,0,0,0,196,151,0,0,143,127,113,195,228,245,195,197,216,177,162,257,236,333,0,0,0,0,0,0,0,0,0,0,0,0,0,0,0,0,0,
Ukraine,0,0,0,0,0,0,0,0,0,0,0,0,0,0,0,0,0,0,0,0,0,0,0,0,0,0,0,0,0,0,0,3120,3170,0,0,2520,2120,2370,2790,3710,4140,4520,5910,6160,7100,7660,7650,6590,6110,6260,6460,6180,5710,5270,4990,0,0,0,0,0,0,0,0,0,0,0,
United Kingdom,247,208,219,225,234,214,209,281,267,273,277,286,318,295,320,335,394,402,411,409,418,486,515,677,758,741,851,767,777,667,545,371,517,494,507,471,466,549,575,634,413,425,503,710,588,571,493,401,415,440,0,228,261,270,281,247,250,234,204,187,168,184,147,140,128,119,
United States,7940,7500,8050,7640,7740,7420,7630,7640,7820,8160,8460,8580,9010,9230,9810,10700,11600,13400,14700,15500,16800,18800,19600,20500,21500,21300,19600,20000,20400,22200,24000,23400,22100,19900,19500,19600,21500,20800,21800,22600,24600,26300,25100,25700,24500,22600,20600,19500,17900,16900,16800,20200,17500,17700,17300,18000,18600,18400,17800,16900,16400,16200,16700,16100,15800,17800,
Uruguay,0,0,0,0,0,115,124,124,126,120,132,0,0,119,120,105,125,158,128,112,105,107,117,93,111,81,86,77,57,0,76,94,93,68,75,83,88,95,105,140,136,0,0,148,145,151,144,153,191,177,185,161,198,152,150,146,151,155,144,171,180,0,223,217,221,257,
Uzbekistan,0,0,0,0,0,0,0,0,0,0,0,0,0,0,0,0,0,0,0,0,0,0,0,0,0,0,0,0,0,0,0,736,753,0,0,648,562,508,738,1120,1250,1150,1120,934,975,1040,1050,836,790,700,771,753,743,528,618,726,0,0,0,490,488,421,506,496,414,0,
Venezuela,0,0,0,0,0,324,318,279,503,481,550,622,784,924,858,808,744,722,762,782,772,806,848,962,1040,938,1020,1090,1200,1410,1760,1510,1820,2120,0,1630,1420,1400,1630,2290,2540,0,2710,3090,3350,0,3320,2850,2820,4010,6360,6550,7470,8780,7340,7590,8810,9460,10500,9590,9030,8860,9940,8820,0,0,
Zimbabwe,0,0,0,0,0,0,0,0,0,0,0,0,0,0,0,0,0,0,0,0,0,0,0,0,0,0,0,0,0,0,0,0,0,0,0,0,0,0,0,0,587,0,0,0,0,0,0,0,0,0,0,0,0,0,0,0,0,0,0,0,0,0,0,0,0,0,
