country,1970,1971,1972,1973,1974,1975,1976,1977,1978,1979,1980,1981,1982,1983,1984,1985,1986,1987,1988,1989,1990,1991,1992,1993,1994,1995,1996,1997,1998,1999,2000,2001,2002,2003,2004,2005,2006,2007,2008,2009,2010,2011,2012,2013,2014,2015,2016,2017
Afghanistan,,,,,16.8,,,17.4,19.1,,26.6,33.1,,,18.2,18.9,,,,,,,,29.1,,,,,,,,,,,,,,,,,,,,,,,,
Albania,,,,,,,,,,,,,,,,,,,,,,,,,,,92,,,,97.1,96.9,,94.9,93.9,,,96.6,92.8,91.5,89.2,93.3,98.9,91,105,104,106,
Algeria,,,41.3,43.3,45.6,51.2,57.4,60.5,63.2,63,62.5,66.4,67.8,70.2,74.5,88,72.3,74.2,75.2,78.1,77,76.2,79.4,79.2,78.4,79.9,83,83.3,,82.4,79.7,85.9,87.8,89.6,91.3,93.2,83.7,94.5,113,91.8,95.5,97.6,101,106,108,105,105,
Angola,,,,,,,,,,,,41.1,36.1,,,,,,,,,28.6,,,,,,,,,,,,,,,,,39.3,38.8,39.8,46.1,,,,,,
Antigua and Barbuda,,,,,,78.4,77.7,,,,,,,,,,,,,,,,83.8,,,,,,,,,,,,,,,,95.3,88.1,93.8,91.1,,,92.8,76.9,,
Argentina,70.7,71.6,,,75.3,78.7,78.6,,,,,,,,,,,,,,,,,,98.7,,93.6,92.2,100,98.2,98.5,98.1,102,99.9,98.6,96.7,99.1,102,105,105,105,104,103,101,102,101,,
Armenia,,,,,,,,,,,,,,,,,,,,,,,,,108,,,93.9,,,,,93.7,89.3,100,92.7,93.8,102,106,,,,,,,94.4,90.4,
Austria,,95,96.9,97.1,,,,,,,,,,,,,,,,,,,,,,,,,101,101,,,100,,98.7,,,,,,,96.8,96.6,97.4,98.5,100,99.7,
Azerbaijan,,,,,,,,,,,,,,,,,,,,,,,,99.4,94,91.5,82.4,99.5,95.4,92.2,89.5,95.2,97.6,92.7,95.6,93.4,91.6,98.1,90.7,91.8,89.5,92.8,92,88.1,98.1,103,111,
Bahamas,,,,,,,,,,,,,,,,,,,,,,,,,86.3,,,,,82.3,,,,,,107,104,105,101,99.9,93.1,,,,,,98.7,
Bahrain,,,,,,,,,,,,,93,89.7,91.1,93.6,90.7,92.8,99.7,105,,103,101,99.7,94.6,93.9,92.1,,94.4,100,98.8,96.7,101,100,102,102,,,,,,89.5,93.2,94.4,96.6,98.7,99.5,
Bangladesh,,,,,,,43.3,31.6,,,,28.5,,,,,,,,45.6,,,,,,,,,,,,,,,,64.3,,,57.2,63.4,65.6,73.3,,91.2,,98.1,,
Barbados,,,,,,,,,,,,,,,,,,,,,,,,,,,,,,94.9,98.4,106,104,107,97.7,91.7,93.9,92.3,94.6,95.7,95.6,98.2,,,,,,
Belarus,,102,101,104,99.5,98.4,97.5,96.2,98.8,98.9,100,99.8,99.5,99.7,99.4,98.2,98.5,,,,94.5,94.2,89.6,96,97.9,95.5,95.1,95.3,,98.1,102,106,132,103,102,98.2,97,95.7,98.5,105,106,107,103,99.6,98.2,96.8,97.4,
Belgium,,,,,68,69.6,70.5,72.4,74.5,68,68,74.2,76.8,71.7,75.1,73.3,72.1,71.4,73.1,,,79.3,,,,,,,,,,,,,,,,,,,,,,,,,,
Belize,,,,,,,,,,,,,,,,,,,,,,,93.9,,,89.2,95.7,,,98.9,100,101,,97.3,97.7,98.5,97.5,99.1,95,99.7,101,104,108,102,102,104,106,
Benin,,18.2,21.3,21.7,20.6,25.2,25.1,24.5,26.7,28,29.9,31.1,33.6,36.4,29.8,33.7,30.8,29.7,27.3,27,18.8,21.4,21.7,23.8,25.7,30.3,32.4,34.8,37.5,,37.8,41.7,43.8,48.1,51.9,,,,63.7,,66.7,71.7,73,78.6,79.5,81.1,,
Bhutan,,,,,,,5.47,5.83,8.51,9.36,,,,,,,,,19.1,,,,,24.1,28.6,,,,45.8,49,49.5,50.4,,,60.4,66.4,71.4,72.8,78.4,80.5,86.7,88.1,97.7,95.2,94.7,,97.4,
Bolivia,,,,,,,,,,,,,,,,,,,,,,,,,,,,,,,,,,,,,,,,,,97.8,98.7,96,92.4,90.5,91.3,
Botswana,36.8,41.8,48.3,52.8,55.8,52.8,47.4,43.8,50.7,62.9,67.4,77.3,80.7,73,75.5,80.6,90,91.9,88.7,86,88.3,88.8,89.3,88.4,92.6,89,91.6,,94.1,92.9,93.7,96.4,97.3,97.1,96.6,96.3,99.7,96.1,97,98.1,,,101,102,69.2,,,
Brazil,,,,,,,,,,,,,,,,,,,,,,,,,,,,,,,,112,114,109,101,,,,,,,,,,,,,
Brunei,,,106,106,111,98,110,104,102,101,89.5,90.8,80.8,82.8,57.2,,124,,,,,98.5,99.7,98.2,101,99.3,,109,115,117,115,122,118,120,111,107,108,107,105,102,105,111,107,106,100,102,,
Bulgaria,,96.9,97.5,96.9,102,93.3,93.8,91.2,92,102,103,100,96.5,93.7,99.5,110,99.5,103,102,101,99.1,89.2,87.5,86,88.2,87.9,90.4,94.5,94,96.1,96.2,102,96.6,97.8,98.6,98.6,99.3,101,95.1,102,113,110,102,99.2,98.4,97.5,94.6,
Burkina Faso,,7.2,6.79,7.04,6.8,7.63,7.55,8.56,8.74,9.56,9.32,10.3,10.5,11.3,12.3,13.9,,15.8,16.9,16.6,19.5,20,26.7,26.2,27.1,18.6,22.6,,,23.5,25.4,26.7,27.5,29.1,30.4,31.7,32.8,35,38.9,43.9,47.1,,57.4,62.3,60.8,62,61.7,
Burundi,,5.82,,10.8,11,11.7,10.9,11.2,11.3,11.5,11.7,12.1,14.5,19.8,27.2,28.5,29.7,29.2,40.1,34,41.9,46.4,49.6,53.1,,,,,,,24.9,25.4,25.9,30.4,32.7,34.9,,39.5,42.3,49,52.1,57,63.9,72.2,71.3,66.4,69.8,
Cambodia,,,,,,,,,,,,,,,,,,,,,,,,,46.1,43.5,,17.2,32.5,41.2,,51.3,59.9,66.6,77.7,87,89.4,90.8,85.9,83.3,85.2,87.5,93.2,94.2,96.7,95.5,92.4,
Cameroon,,,,48.5,48,50.1,51.6,52.6,63.3,53.5,51.7,51.9,51,51.1,52.8,54.2,54.5,56.2,55.8,,57,55.7,,,,,,,,49.5,50.6,,,58,60,,52.2,55.5,71.8,71.5,73.6,72.6,76.3,,74.8,76.2,75.4,
Canada,,,,,,,,,,,,,,,,,,,,,,,,,,,,,94.2,95.6,97.3,,,,,,96.5,,,,,,,,,,,
Cape Verde,,,,,10.2,12.6,19.2,14.2,13.7,13.5,17,27.4,24.9,22.2,31.2,32.7,36.1,40.4,46.2,,59.6,,,,75.3,,,,100,,105,98.1,99.4,100,98.3,83.9,96.2,90.8,96.4,91.5,93.7,88.6,89.9,85,87.8,89.1,85.3,
Central African Republic,,27.3,25.7,31.9,28.2,35.8,30.7,32.5,40.1,,,30.1,29.8,26.6,,,37.3,27.7,28.8,28.3,30.1,27.9,22.4,,,,,,,,,,,,23.7,25.9,26.1,,35.1,37.6,39.8,41.6,43.7,,,,42.2,
Chad,,15.3,,,12.9,,11.8,11.1,,,,,,,,,,,11.6,12.9,16.5,18.2,,,18.2,14.4,15,15.5,,20.1,22.2,24.4,27.2,32,33.5,30.2,29.7,,,31.2,31,34.1,34.6,37.9,,,,
Chile,81.9,89.6,93.9,95,92.8,92.4,93.4,89.8,,,,,,97.1,,,,,,,,,,,,,,,,,,,,,,,,,,,,94.3,96.5,95.6,95.3,93.7,92.8,
China,,,,,,,,,,,,,,,,,,,,102,103,103,99.1,100,102,97,91.8,89.9,,,,,,,,,89.1,94.1,103,106,106,104,,99.9,,,,
Colombia,47.6,50.9,51.6,54.6,55.1,,,,,,,,69.3,72.5,73,67.2,70,69.5,68.6,68.1,71.7,70.6,78.6,79.4,79.2,83.4,85.2,,92.2,94.4,95,93,94.1,,104,108,116,119,119,124,122,120,113,102,101,100,101,
Comoros,,,,,,,,,,,,60.7,,,,,68.2,55,,,,,45.6,40.1,48.3,,,,,49.1,,,58.1,57.3,61.9,,,64.1,73.3,,,,,74.7,77.7,,,
"Congo, Dem. Rep.",,41.4,43.6,,,,53.8,56.8,60.3,,59.9,62.1,64.6,67,69.3,,,,50.4,,,52.3,48.7,56.1,47.4,,,,,34.9,,,42.7,,,,,55.5,60.6,63.2,63.7,65.6,70.9,69.8,,70,,
"Congo, Rep.",,55.7,59.2,68.7,56.8,66.3,68.6,71.4,71.8,78.6,79.5,77.9,77.2,70.9,74,71.4,72.4,72.9,73.3,67.7,58.8,54.4,61.6,63,53.6,,49,,,31.2,,56.2,59.1,55.8,80.3,70,75.8,74,68.6,67.6,67.4,73.7,70.3,,,,,
Costa Rica,76.5,76.7,86.4,90.3,88.9,86.6,81.9,89,85.6,82.9,83.5,87.1,87.8,81.6,74.9,78.1,78.7,75.9,76.2,75.6,75.1,79.8,81.8,83.7,82.5,81.8,83.9,,,86.6,92.1,94.8,96.7,,96.5,95.4,91.7,93.7,95.1,98.1,99.4,105,103,99,98.7,99.5,96.4,
Cote d'Ivoire,,,,38,38.4,42.4,46.1,49.3,49.9,51.8,54.3,58,,55.4,53.8,46.1,46.9,46.3,46.6,43.6,41.5,45.2,41.2,42.4,42.3,40.9,42.2,39.7,39.8,42.7,43.2,49.3,,,,,44.2,45.2,,46.1,,53.8,55.3,54.3,56.2,62.1,65.9,
Croatia,,,,,,,,,,,,,,,,,,,,,,,,,83.6,80.3,84.7,85.9,90.9,89.5,90.9,95,98.2,97.4,,103,102,104,98.7,93.6,91.3,93.1,92.4,94,95.9,101,97.7,
Cuba,,64.9,58.4,65.5,75.5,79.6,93.7,111,120,114,106,96.9,87.2,95.9,101,97.4,94.3,97.2,95.3,96.2,93.9,94.2,86.6,83.8,96.5,96.9,97.5,,,94.6,96.3,95.9,101,96.2,93.1,93.4,91.7,91.9,88.1,96.1,96.4,97.8,96.9,95.9,100,99.3,,
Cyprus,,87.8,87.4,84.6,86.6,79.1,78.7,72.2,77.6,83.6,73.1,89.3,77.8,78.4,76,58.1,61.3,68.5,78.9,78.2,78.6,83.3,82.7,101,104,99.7,97.2,98.9,,101,97.7,98,100,101,87.6,100,101,100,100,103,99.3,102,100,98.3,99.8,96.8,,
Czech Republic,,,,,,,,,,,,,,,,,,,,,,,,96.7,104,105,109,,,99.5,99.3,99.4,104,99.2,99.8,98.9,93.9,95.6,98.5,104,106,104,101,99.7,98.1,96,,
Denmark,,95.6,92.5,93.8,92.7,94.2,101,101,108,109,102,93.3,91.3,92.2,97.8,100,97,98.4,102,97.7,95.4,97.8,97,99.3,96.8,,,,102,101,100,101,105,,101,100,102,102,101,98,99.1,99.6,98.3,99.3,98.8,98.7,104,
Djibouti,,,20.4,20.4,20.2,20.4,19.1,,,,,,,,,,26.3,29.1,27.4,30.5,28.5,24.5,27.5,24.7,27.9,30.2,27.6,24.8,,23.4,26.7,26.4,,,,33.6,38.3,,43.3,,,47,,46.8,55.3,60.3,61.6,57.5
Dominica,,,,,,,,,,,,,,,,,,,101,,,,,,,,,,,123,119,120,105,100,103,102,92.4,94,89.3,85.3,82.6,92.5,104,103,107,111,118,
Dominican Republic,,34.6,,,,,,,,,,52.4,,,,,,,,,,,,,62,,,,,72.5,77.8,,90.4,,86.3,,83.8,91,,92.6,91.4,91.1,90.7,90.7,90.9,94.2,93.3,
Ecuador,,55.6,55,58.6,61.5,65.5,70,71.7,70.9,74.8,77.8,81.6,84.4,88.2,90.5,91,,93.9,95.4,,,,,,95.5,93.3,92.7,95.7,,96.7,96.8,97.3,97.1,96.6,96.4,101,101,101,,,99.3,106,111,112,112,116,109,105
Egypt,,55.3,52.1,55.5,57.5,60.1,61.2,61.3,53.5,35.7,45.8,54.5,,,,,72.7,73.3,,,,,,,,,,85.8,,89.1,87.5,86.3,85.5,86.4,88.6,90.3,86.8,91.9,,97.2,101,,,100,,,93.9,
El Salvador,,40.5,44.3,49.8,51.3,51.1,50.4,51.7,,,,46.5,49.4,50.6,48.7,,,61.9,65.5,63.3,,66.5,68,70.8,,72.9,78.1,,81.8,,91.4,90.1,88.8,88.2,,89.4,89.3,93.6,95.1,97.9,100,104,104,102,101,96.7,93.4,
Equatorial Guinea,,,,,,,,,,,,,,,,,,,,,,,,,36.1,,,,,,44.7,,,36.3,,43.6,,,40.8,42.7,44.1,42.2,43.7,,,40.6,,
Eritrea,,,,,,,,,,,,,,,,,,,,,,,,,19,23.4,31.6,34.8,,33.3,35.7,36.8,36.3,40.8,47.1,57.2,55.7,53.9,54.1,55.9,47.1,45.1,41.8,39.9,,42.5,,
Estonia,,,,,,,,,,,,,,,,,,,,,,,,,,79.6,90.8,,89.4,93.4,95.7,101,103,106,102,103,95,94.8,95.5,98.8,101,101,104,104,99.9,98.6,,
Ethiopia,,,,,,,,,,,,,18,,,,,24.5,23.9,22.8,,,,,14.1,13.9,14.9,,17.1,19.7,22.2,27.6,31.4,34.6,37.5,43.3,47.2,47.4,49.5,51.4,57.7,52.6,50.4,,53.5,54.3,,
Fiji,,,90.9,96.9,96.1,,107,107,110,102,97.1,97.4,,95.5,92,93.4,95.2,,,,,,105,,103,103,102,103,103,99.6,95,97,102,,109,,112,,106,105,,104,104,103,,106,,
Finland,,,,,,,,,,,,,,,,,,104,106,105,102,97.2,96.6,96,97.1,100,101,100,98,95.9,96.2,102,101,102,100,100,96.8,98.2,98.8,97.9,98.6,98.2,100,99.6,98.9,99,101,
France,,92.9,92.3,,,93.9,94.5,94.6,95.9,96.1,96.9,,,,,,96.6,95.5,99,101,105,107,108,,,,,,,97.1,97.5,,,,,,,,,,,,,,,,,
Gabon,,,62.8,61.4,,84.5,88.4,81,81.1,82.3,81.2,84.9,86.8,86.5,75.4,92.6,,68.7,67.8,66.3,,,59.7,,,66.1,66.8,69.1,,,,,73.9,71.9,,,,,,,,,,,,,,
Gambia,,25.8,27.2,25.9,25.4,27.5,26.5,21.4,28.2,27.9,30,29.1,32.1,35.5,41.8,44.2,47.4,52.1,,44.4,,,41.8,39.6,38.6,41.1,48.3,46.7,,71.3,71.8,73.8,72,75.5,74.3,71.2,69.2,76.2,81.5,,72.9,68.3,69.2,69.2,69.1,68.9,70.2,
Georgia,,,,,,,,,,,,,,,,,,,,,,,,,,83.3,84.6,84.1,,82.7,96.2,98.5,95.5,87.1,93.4,83.5,81.5,89.9,95.6,101,105,,102,105,106,106,119,
Germany,,,,,,,,,,,,,,,,,,,,,,,,100,96.4,95.9,96.4,98.6,,101,104,106,102,101,99.4,96.8,98.4,103,102,102,102,102,99.3,99.6,98.8,100,,
Ghana,,65.8,59.9,,54.5,56,58.4,60.4,61.7,61.8,63,66.6,,,,,,,,,,65.6,67.7,,,,,,,68.6,71.7,68,69.6,70.5,69.3,74.9,71,76.1,81.3,82.4,,89,95.1,96.2,95.1,100,,95.2
Greece,,98.3,96.4,94.9,94.3,95.6,97.1,98.6,101,102,98.7,97.1,95.5,96.1,98.2,100,105,95.7,96.6,94.5,,,96.7,,,,,,,,,,,,96.8,94.1,96.4,94.5,,,92.4,90.7,94.1,92.5,92.9,94.6,,
Grenada,,,,,,,96.4,98.1,89.9,92,,,,95.2,85.8,83.4,,,,,,,,,,,,,,92.9,,,91.4,100,,102,,97.6,110,121,112,,,,,,61.6,
Guatemala,22,22.3,24.3,,,28.2,29.3,29.1,30.2,30.7,32.5,32.7,32.6,33.9,35.3,36.7,39.6,,,,,,,,,,45.5,,,50.8,55.5,58,61.6,,67.3,70.9,73.9,74.7,77.6,81.6,83.6,85.8,84.8,84.9,84.7,82.7,,
Guinea,,,,,,,,19.1,21.2,,23.6,19.7,21.4,21,21.5,17.4,16.5,15.8,12.7,13.6,19.9,17.6,17.1,19.1,19.7,19.2,29.1,,24.4,28.2,31.1,33.1,37.3,37.7,47.6,54,58.7,59,51.8,58.2,58.6,,61.9,62.5,63.8,,,
Guinea-Bissau,,,,,,,6.8,,,14.7,11,15.9,17.3,13.9,13.1,,,9.51,6.33,,,,,,,,,,,,27.4,,,,,,,,,,64.3,,,,,,,
Guyana,,95.8,93.2,91.6,91.9,,88.2,93.2,87.5,87.4,79.5,82.9,84.6,80.7,85.4,,,87.9,,,,,91.3,89.9,,76.7,80.2,84.6,,100,103,87.6,,74.6,,91.5,92.5,93.3,95.5,99.5,94.4,99.2,97.7,,,,,
Haiti,,,,,,,,,,26.3,27.1,,28.5,31,,33.9,36.1,37.9,,,,,,,,,,48.2,,,,,,,,,,,,,,,,,,,,
Honduras,,,,,,,,,,,44.5,,49.3,,53.7,,,,,,,62.3,65.5,67.5,69,68.1,69.1,69.4,70.1,,,,,77,,77.5,83.7,,83.6,86,90.1,92,90.7,84,79.7,80.8,83.3,
Hungary,,89.2,88.6,92.9,99.7,101,98,99.7,104,99.1,97.5,93.5,92.8,94.3,102,114,104,96.8,89.3,83.4,81.8,79.4,85.1,89.8,,,,97.9,98.4,96,96.4,98,99.4,96.2,94.6,93.8,98.8,95,96.6,96.8,97.1,98.7,97.5,97.7,96.4,96.9,98.6,
Iceland,,,,,,,,,,,,,,,,,,,,,,,,,,,,,89.4,90.5,99.8,112,106,109,98.5,98.5,96.8,95,94.8,99,98,99.9,98.2,,,,,
India,,39.7,,,41.6,,,,,,,,,,,,,63.2,64.6,,,,,,,71.9,,,,69,71.8,72.5,75.8,80.3,,,,,95,95.9,,92.9,,96.2,97.6,97.7,96.3,
Indonesia,,,51.9,53.1,50.9,49.3,48.7,53.3,56.1,,,65.4,70,75.2,84.7,94.2,96.6,95.8,96,96.2,93.3,90.3,88.7,92.2,94.6,94.5,93.5,94.2,,,,93.8,95,95.6,95.5,94.1,92.4,96,96.1,98.5,102,100,105,102,104,102,98.8,
Iran,,50.1,,,,,,,,,,,,,77.5,80.3,80.6,80.6,81.2,82.2,85.3,88.8,91.9,97.2,95,98.8,,96.8,,,91.7,95.5,95.6,92.2,103,106,98.2,94.6,97.7,102,104,104,102,,,102,,
Iraq,,40.5,39.7,42.7,43.5,51.4,51.7,65,66.2,,73.2,,,56.7,,65.1,64,58.1,60.9,59.2,,,,59.4,,,,,,57,56,,,,79.6,,,66.7,,,,,,,,,,
Ireland,,,,,,,,,,,,,,,,,,,,,,,98.7,99.2,97.3,96.4,,,,,,,,,,,,,,,,,,,,,,
Israel,,,,,,,,,,,,,,,,,,,,,,,,,,,,,,,,,104,105,108,104,103,104,100,103,102,101,106,102,102,109,102,
Italy,,97.1,99.2,99,100,108,106,105,102,102,103,100,101,100,100,102,102,100,99.8,100,101,97.9,98.4,,99.7,98.3,99,95.6,,99.9,101,104,102,102,101,99,99.3,101,105,102,103,104,101,100,100,100,,
Jamaica,,,,,,,79.7,81.5,,87.7,85,86.2,,,88.9,85.5,86.5,90,92.1,94.8,95.3,92.4,,88.9,,,,,,,86.4,80.8,86.7,,86.6,,,,,,,,,,,,,
Japan,,104,99.8,97.8,97.5,97.6,97.9,102,97.6,89.1,104,102,97.9,97.4,98,98.4,100,102,99.8,99.9,102,102,99.8,,97.2,,,,100,99.1,98.5,98.9,96.3,96.4,98.6,99.2,99.2,103,,101,100,102,102,,,,,
Jordan,,,67.4,73.6,85.8,95.6,97.7,97.8,99.5,98.5,98.9,95.8,94.4,90.5,93.5,93.9,,85.2,87.4,89,91.9,93.9,94,92.8,95.6,,91.8,,,92.1,94.5,,91.2,94.2,94.9,,,,,,,,,,,,,
Kazakhstan,,,,,,,,,,,,,,,,,,,,,,,,,105,101,,99,95.2,,92.1,94.3,95.6,96.8,103,104,101,97.4,102,103,107,113,107,108,114,113,109,109
Kenya,48.4,50.7,53.9,55.6,,60.6,62.8,67.2,68.5,89.5,86,84.5,,,,,,,,,,,,,,,,,,,,,,,87.8,88.5,,,,,,,,,99.5,101,102,
Kiribati,,,,,,,,76.8,85.9,72.6,84.5,132,123,129,127,127,126,110,109,113,102,113,112,107,109,110,121,123,,107,99,117,111,120,123,123,113,119,107,,,,,,112,,99.5,
Kuwait,,60.8,56.2,54,51.3,60.2,82.6,68.6,74.4,75.4,81.5,93,91,93.6,94.6,96.1,96.8,97,,,,,55.8,,78.4,71.7,101,99.7,,100,99.2,87,93.1,98.1,100,111,,106,,,97.4,98.7,97.8,99.6,,,101,
Kyrgyz Republic,,,,,,,,,,,,,,,,,,,,,,,,,,104,100,,,93.8,93.7,93.6,93.7,90.7,92.9,97.6,102,97,95.4,97.9,97,95.3,96.5,102,106,113,105,
Lao,,,,,,,,,,,,,,,,,,,42,,43.3,,40.4,43.4,48.5,,56.6,59.5,63.7,68.9,67.3,67.4,67.8,67.2,67.6,69.9,73.7,76.3,78.6,81.7,85.7,91.6,95.3,99.7,101,102,100,
Latvia,,,,,,,,,,,,,,,,,,,,,,,,,,72.9,73,87.1,,93.5,94.9,98.7,96.4,99.2,93.6,90.5,91,90.9,91.4,92,99.2,104,108,109,102,100,,
Lebanon,,,,,,,,,,,,,,,,,,,,,,,,,,,,97.9,103,120,115,112,103,98.2,90.9,82.9,80.5,82.6,85.8,85.4,87.9,84.8,81.2,78.2,70.6,72,71.9,
Lesotho,,32.8,36.5,40.5,49.7,52.2,48.7,44.8,45.3,46.1,46.1,47.4,47.9,49.1,49.6,49.6,50.1,53.1,56,56.7,59.3,60,62.6,62.5,64.9,68.8,66.4,65.9,66.1,64.7,63.2,65.2,66,67.6,69.4,64,80.5,75.3,72.4,71.8,73.5,72.8,72.5,73.9,75.2,76.1,78.9,
Liberia,,,,,,,,,28.7,,,,,,,,,,,,,,,,,,,,,,,,,,,,64.9,,61.3,60.6,,65.4,,,59,,,
Libya,,42.8,77,68.2,83.8,103,96.7,99.9,97.8,92.4,85.3,87.4,,93.6,,,,,,,,,,,,,,,,,,,,,,,,,,,,,,,,,,
Liechtenstein,,,,,,,,,,,,,,,,,,,,,,,,,,,,,,,,,,90.4,109,,102,103,104,94.6,111,101,102,,92.2,106,100,
Lithuania,,,,,,,,,,,,,,,,,,,,,,,,,,93.3,97.7,99.3,,96.8,96.8,102,103,105,97.9,90.4,93.3,96.8,94,99.1,103,99.1,96.6,95.7,99.3,99.6,99.2,
Luxembourg,,,,,,83,82.8,85.7,84.4,84.2,,,,82.9,,,,,,,,,,,,,,,,,,,,,,,,,,,84.3,84.4,85.7,82,79.3,78.9,,
"Macedonia, FYR",,,,,,,,,,,,,,,,,,,,,,,,94.7,94.7,93.2,95.7,96.4,100,99.6,96.2,94.9,96.2,92.7,91.8,93.2,91.7,91.6,91.8,91.7,,,,89.7,90.1,91.3,,
Madagascar,,27,29.6,29.2,,31.7,,,,,,,,,,,,,37.5,35.4,35.1,33.8,31,31.9,29.1,28.9,29.5,,30.2,33.5,36.7,36.2,36.3,40.1,46,58.3,57.1,61.2,67.4,73.9,70.4,70.7,69.1,68,68.2,68.7,67.6,
Malawi,,,,,20.1,21.3,23.4,27.7,28.6,30.5,31,33.5,33.1,32.9,31.4,32.5,31.9,31.8,25.8,26.9,29.5,32.9,36.5,38.8,41.1,53.2,61.6,,,62.4,61.2,62.4,65.6,,57.5,57.2,56.7,57.4,61.9,63.3,65.6,68.1,71.4,76.7,76.9,,,
Malaysia,,,,,83.3,,,,,,94.9,92,92.1,95.7,94.8,93.5,,93,93.5,91.2,89.3,90.8,,94.1,,,,,97.4,95,101,,92.8,93.5,98.1,104,100,98.2,99.3,99.9,97.6,100,107,104,104,103,101,
Maldives,,,,,,,,,,,,,,,,,,,,,,,,,,,,118,,,,178,186,182,181,140,130,,113,120,,,,,,95.6,,
Mali,,10.1,9.23,9.61,10.4,,11.5,13.8,12.9,13.6,12.1,11.6,,11.8,11.3,10.7,9.8,9.73,9.41,,,,,,,,,,,,31,35.1,36,39,40.8,42.2,47.2,50.2,52.8,54.4,57.5,58.2,54.5,54.2,53.1,50.9,51,
Malta,,109,111,106,106,93.8,73,95.5,91,100,105,118,104,101,96.9,103,104,108,99.6,101,100,98.5,102,105,105,101,101,100,102,105,108,106,106,104,100,95.9,98.3,95.3,98.1,92.2,97.3,99.7,93.1,96.4,101,99.3,102,
Marshall Islands,,,,,,,,,,,,,,,,,,,,,,,,,,,,,,92.5,,,114,104,,110,115,117,114,109,,99.8,,,,,76.9,
Mauritania,,,,,,,10.1,10.3,11.9,15.8,19,25.4,,29,,29.9,32.2,33,38.4,34.2,28.8,32.4,31.2,32.6,32.2,33,33.8,38,43.3,44.5,,44.8,42.4,,,42.4,43.4,54.6,,66.9,,,68,70.1,67.3,68.1,59.3,
Mauritius,,,,,,,,,,,,,,86.3,80.8,93.4,125,100,103,68,114,114,110,102,97.5,95.9,93.9,93.8,97.4,103,103,102,98.3,99.2,96,97.5,95,97.4,97.1,94.8,99.3,98.4,95.6,97.3,96.9,100,101,
Mexico,,,,,,68.5,70.4,76,76.2,80.3,83.1,84.4,84.3,85,88,86.4,88,88.8,88.6,88.4,86.6,86.3,87.6,88.6,90.2,93.2,94.9,94.9,,94.9,95.5,95.9,97.2,96.9,98.5,98.8,98.6,98.5,96.9,94.4,94,94.1,100,104,106,102,101,
Moldova,,,,,,,,,,,,,,,,,,,,,,,,,,95,,,,94.4,97.8,97.3,97.1,95.4,96.2,99.5,98,92.9,91.4,92.8,92,91.1,89.6,93,92,90.9,,
Mongolia,,,,,,,,,95.7,99.9,99.4,,,98,,,,,,,,,,,,74.7,79.6,77.1,88.6,86.8,87,92,99.4,101,97.8,96.1,,,,,,,,,,98.3,93.6,
Montenegro,,,,,,,,,,,,,,,,,,,,,,,,,,,,,,,,,,,,,,,,,,76,99.6,,,94.3,90.4,
Morocco,,26.2,25.9,26.7,27.4,28.9,31.3,33.7,37.1,40,42.3,43.8,46.6,48.1,49.6,58.1,56.4,55.8,51.9,44.4,50.7,47.1,45.7,46.1,46.3,47.9,48.7,50.4,53.5,55.4,58.3,59.8,62.1,66.5,74,78.6,82.4,82.9,81.6,81.3,85.3,89.3,97.9,95.8,96,95.9,94.8,
Mozambique,,,,8.37,,,,,,,,,35,27.3,32.4,32.9,44.3,33.3,26.3,26,27.3,27.4,25.5,25.2,25.5,25.9,,,,14.2,16.4,19.1,22.3,,29.1,40.6,40,44.1,56.4,53.6,57.2,53.4,50.9,48.6,48.1,48.4,,
Myanmar,,37,35.2,43.4,41,,,,,,,,,,,,,,,,,,,,,,,,,71.9,78.2,77.6,78.7,81,83,,87.5,87.5,88.3,86.8,86.5,,,,86.6,,,88.9
Namibia,,,,,,,,,,,,,,,,,,,,,,,73.9,,72,69.4,77.7,,96,94.6,91.1,93.6,92.2,92.5,85,85,82,,78.5,84.1,81,,85.4,86.4,,,,
Nauru,,,,,,,,,,,,,,,,,,,,,,,,,,,,,,,,87,,,,,,97.3,,,,,94.9,,112,,120,
Nepal,,,,,,,,,,,,,,,,,,,46.9,,,52.4,57.6,,,,,,,64.5,67.3,67,72.1,73.1,73.3,76.8,77.8,,79.3,,,,102,102,104,105,110,113
Netherlands,,98,95.9,95.7,94.6,94.4,94.7,93.8,92.6,92.1,92.8,97.5,99.5,98.9,97.1,92.7,,,,,,,,,,,,,,,,,,,,,,,,,,,,,,,,
New Zealand,102,104,106,105,102,99.9,99.2,101,102,103,,,,,,,,,,,,,,,,,,,,,,,,,,,,,,,,,,,,,,
Nicaragua,25.3,28.9,29.4,32.1,30.3,,,35.2,34.8,30.8,34.5,,31.4,30.9,29.3,31.5,38.5,47.7,48.3,42,39.6,42.6,44.9,49.2,54.6,50.1,,,,66.8,65.7,67.1,75.3,75.5,76.9,81,80.9,81.4,80.6,,85.4,,,,,,,
Niger,,5.31,6.46,6.55,6.48,6.86,7.51,8.4,10.2,10.7,13.7,14.6,16.9,18.3,20,19.6,21.7,22.8,,14.9,16.3,17.3,18.1,16.1,,13.5,13.9,17.9,18.9,19.4,18.4,19.4,21.1,20.5,26.6,29.4,32.2,39.1,37.6,39.9,39.7,44.2,47.8,47.9,57.9,,71.6,
Nigeria,,,,,,,,,,,,,,,,,,,,,,,,,,,,,,,82.1,,,,79.9,83.1,91.1,81,69.8,73.8,73.8,,,,,,,
North Korea,,,,,,,,,,,,,,,,,,,,,,,,,,,,,,,,,,,,,,,,97.3,,,,,,,,
Norway,,99,99.3,97.6,98,99.5,99.9,102,102,101,98.9,99.7,101,,100,99.8,97.3,98.1,96.3,95,95.1,99.9,101,100,,,,,97.7,97.6,97.9,102,103,104,103,100,97.6,97.8,99.2,101,99.4,97.7,99.8,101,98.3,98,101,
Oman,,,,,1.52,4.24,7.62,16.8,18.3,23.8,,,,36.4,42.7,41.8,45.5,48,54.8,61.9,65.1,,73.9,,71.8,74.2,76.9,79.3,81.5,83.9,82.9,84.4,87.5,89.5,,,,,,96.1,,97.1,101,96.3,104,101,104,
Pakistan,,,,,,,,,,,,,,,,,,,,,,,,,,,,,,,,,,,,64.3,63.6,63.9,63.9,65,69.2,67.9,72.2,72.9,73.5,71.6,71.3,
Palau,,,,,,,,,,,,,,,,,,,,,,,,,,,,,,,,,,,104,,,,,,,,,109,95.9,,,
Palestine,,,,,,,,,,,,,,,,,,,,,,,,,,87.4,87,86.2,,94.2,94.2,95.7,92.9,97.5,90.5,93,,86.1,87.8,89.7,94.7,91.2,91.1,94.1,97.4,95.8,93.4,
Panama,64.4,68.6,72.7,78.5,81.1,84.7,97.9,94.3,91.6,90.4,85.8,83.8,82,83.1,79.2,80.6,80.8,81.2,79.5,80.8,,,,,,,,,,89.8,92.1,92.3,92.8,,93.4,92.9,90.4,94.6,97.7,97.7,93.9,98.5,101,99.5,96.7,,,
Papua New Guinea,,,,,,,,,,,,,,,,,,44.4,46.6,46.1,44.5,42.4,42.9,,48.3,48.1,49.3,47.7,48.9,,52.5,53.3,54.6,56.3,,,,,,,,,77.4,,,,,
Paraguay,43.7,45.6,45.7,47.5,48.6,48.9,50,51.5,52.2,,54.4,57.5,60,62.6,64.4,66.2,64.7,64.9,64.4,64.2,65.4,69,72.9,76.4,76.6,78.4,82.5,,92.5,89.4,92.2,92.3,94,96.4,95.2,95.4,94.2,94.7,94.3,93.8,92.4,89.7,89.1,,,,,
Peru,63.8,,,64.8,67.9,69.2,75.1,81.5,80.3,80.3,79.1,78.1,,,,83.2,,,,,,,,87.3,,88.9,,,97.7,103,101,96.9,96.8,102,102,103,104,106,105,102,103,99.8,94,95.1,95.9,99.4,103,
Philippines,,,,,,,,,,,,85.8,,90,90.8,89.2,87,86.3,85.6,87.1,89.2,,,,,,,,84.6,86.4,,100,94.4,94.9,93.7,93.5,91.1,90.9,91.8,91.6,,,,99.5,,101,,
Poland,,94.3,93,92.2,95.4,97.1,101,100,98.5,96.9,96.1,94.4,94.1,94.9,93.9,95.8,97.2,98.8,100,101,97.8,96.1,97.2,99.3,95.7,95.2,98,99.1,97.4,96.6,95.7,97.5,97.1,98,98,94.6,93.4,93.2,,92.9,93.5,93.6,94.4,96.1,96,98.8,100,
Portugal,,,55.8,59.4,65.5,71.9,66.2,,,,,,,,,,,,,,,,,,,,,,,,,,,,,,,,,,,,,,,,,
Qatar,,61.5,64.5,65.1,62.8,67.9,75.1,74.2,89.8,88.3,86.6,81.8,89.7,,86.1,84.7,80.7,69.3,74.5,74.1,73.2,73.6,66,64.5,64.1,59.2,50.8,,90.2,94,,,,99.7,,93.3,89.7,102,106,104,,100,,97,91.6,92,94.2,
Romania,,,,,,,,,,,,,,,,,,,,,90.2,,,78.5,,86.1,87.8,93,,94.6,95.7,94.4,90.5,94.8,99.2,103,98.9,,91.7,93.2,94.7,97.5,94.7,,,93.4,92,
Russia,,,,,,,,,,,,,,,,,,,,,,,,,94,92.1,,,,90.2,90.4,92.3,,,,,,90.7,93.3,98.3,,96.9,98,100,100,101,,
Rwanda,,21.1,23,25.5,26.7,28.5,,30.4,28,,37.7,48.7,47.8,46.1,47,48,44.3,43.5,44,44.1,43.2,43.6,46.5,,,,,,,29.5,23.2,24.7,30.7,41.3,41.5,,,,52.4,69.5,70.9,,69.9,67.8,61.6,61.8,67.3,
Samoa,,,,,,,,,,,,,,,,,,,,,,,,,95.1,94.3,93,,97.6,95.1,94,92.2,96.8,100,98.3,106,106,110,,105,106,104,102,,100,103,105,
San Marino,,,,,,,,,,,,,,,,,,,,,,,,,,,,,,,,,,,,,,,,91.6,101,93.5,95.3,,,,,
Sao Tome and Principe,,,,,,,,52,,,58.3,87.1,113,114,112,101,,53.9,67,,73.9,,,,,,,,,47.5,,,54.5,55.4,70.2,74.1,,71.2,73.6,81.2,81.2,107,,95.9,87,,79.4,86.7
Saudi Arabia,,,,,,,,,,39.7,,,,,,,,,,,,,,,,,,,,,,,,,,85.9,,93,96.5,,,101,106,110,121,118,114,
Senegal,,26.6,26.6,26.8,,,,,31,32.5,30.4,31.9,32.2,33.5,34.4,34.5,37.1,,42.3,43.1,42.6,,39.5,,38.3,,39.5,39.8,42.2,41.9,38.6,43.1,45.7,45.8,46.7,51.5,48.5,50,56.9,57.4,56.8,60.1,59.4,59.8,60.4,58.7,58.9,
Serbia,,,,,,,,,,,,,,,,,,,,,,,,,,,,,,,,,,,,,,101,104,96.4,96.4,104,98,98.9,102,101,98.8,
Seychelles,84.3,95.1,104,,99.4,98.5,103,98,103,,98,91.9,93.5,102,96.1,94.5,111,102,88.3,90.6,,102,97.7,97.1,95.8,,,102,98.4,100,98.8,106,106,107,104,115,,112,112,106,111,113,110,112,123,122,127,
Sierra Leone,,,,,,,,,23.2,,,,25.9,25.7,,,,,,,,,,,,,,,,,,,,,,,,74.4,,,,66.4,62.7,61.4,,58.3,66.5,
Singapore,,,,,,,,,,,,,,,,,,,,,,,,,,,,,,,,,,,,,,,,,,,,,,,99.8,
Slovak Republic,,,,,,,,,,,,,,,,,,,,,,,96.1,96.2,98.3,98.3,96.8,95.7,98,97.5,96.3,100,97.5,98.4,96.9,92.7,93.2,95,97.4,99.2,99.1,96.1,93.2,94.6,96.3,96,,
Slovenia,,,,,,,,,,,,,,,,,,,,,,,,93.1,92.4,93.8,93.5,95,99.2,99.4,96.3,96.5,96.6,102,114,,,,96.6,95.6,96.8,95.9,101,98.7,99.5,97.5,,
Solomon Islands,,,,,,44.1,,,,,67.4,62,55.4,52.9,48.8,,52.7,,,,60.1,71.6,68.8,70.1,72.5,,,,,,,,,,,,,,,,84.9,85.6,85.1,,,,,
South Africa,,,,,,,,,,,,,,,,,,,,,,73.5,,,,,,,87.3,82.7,84.4,,89.5,92.9,97.1,,,,,,,,,,,83.7,,
South Korea,,95.8,97.5,106,104,104,108,101,100,103,99.4,104,101,103,109,107,105,105,99.9,95,99,96.5,107,107,109,108,,97.1,99.1,104,103,99.6,94.8,101,99.6,97.8,99.1,101,100,102,101,103,110,102,94.3,98.9,,
South Sudan,,,,,,,,,,,,,,,,,,,,,,,,,,,,,,,,,,,,,,,,,,25.7,,,,,,
Spain,,,,,,,,,,,,98.8,98.2,98.9,102,103,103,101,105,102,99.7,,,101,102,,,,,,,,,,102,,96.6,98.2,99.9,102,103,102,102,99.3,97.6,98.9,97.2,
Sri Lanka,63.5,,79.9,,73.1,70.9,42.4,58,64.1,69.5,75.5,80.1,87.3,82.9,81.6,83.7,83.9,88.7,,94.5,96.8,99.2,99.2,,,,,,97.3,,,107,113,105,,101,100,97.5,92.6,92.5,99.1,100,97.6,98.5,98,98.7,101,
St. Lucia,,,,,,,,,,,,,,106,102,,,,,,124,117,,120,,,,,,,,,105,105,104,99.7,107,107,,,,,,,,,,
St. Vincent and the Grenadines,,,,,,,,,,,,,,,,,,,,,,,,,,,,,,,,,,93.1,102,,,,109,,94.2,87.7,99,107,101,98.2,98,
Sudan,,,,,,,,,,,,,,,,,,,,,,,,,,,,,,,,,,,,,,,,,61.3,,57.8,58.4,,59.6,,
Suriname,,,,,,,73.2,82.7,75.9,79.9,,81.9,89.1,94.8,93.1,89.7,,85.9,83.8,90.1,,,,,,,,,,,,,,,,72.9,80.6,70.1,82.1,84.5,87.4,87.2,88.3,88.1,92.1,93.2,91.9,
Swaziland,42.3,40.5,41.5,49.5,54.3,56.5,57.6,57.3,56.1,55.3,55.4,58.5,59.7,61.7,61.5,62.1,63.3,62.5,64.7,62,62.7,60.7,60.4,60.7,61.8,63.4,61.1,61.9,63.6,60.5,61.6,59.1,62.2,60.3,63,66.1,66.6,73.3,,71.5,75.5,75.4,75.9,77.1,76,80.6,,
Sweden,,94.7,94.3,90.9,91.3,92.8,96.8,104,104,105,103,96.5,92,93.4,98,,,101,98.3,96.2,96.5,96.3,101,106,104,,,,,100,99.6,102,103,106,104,100,95.6,95.1,94.3,93.2,96.7,101,103,102,101,104,,
Switzerland,,,,,,,,52.7,59.8,57.6,56.2,52,51.7,52,51.2,50.7,49.9,49.4,48.5,49.9,51.3,53.6,55.2,61.2,62.2,,72.9,,,95.2,96.3,97.7,97.9,98.1,99.1,96.6,93.6,93,94.1,95.8,95.9,96.4,97.1,96.6,95.3,95.5,96.6,
Syria,,55.2,59.1,59.3,63.8,67.9,72,75.4,77.8,74.8,73.2,74.6,79.1,81.1,82.3,84.9,86.6,87,86.9,89.7,89.9,91.5,95.8,88,90.2,89.6,91.4,91.3,91.2,91.8,91.2,92.7,95,106,107,109,109,106,104,104,104,108,109,65.8,,,,
Tajikistan,,,,,,,,,,,,,,,,,,,,,,,,,,97.9,,71.4,,92.1,92.7,96.8,97.7,95.6,92.1,101,104,91.8,93.6,96.5,99.7,101,96.4,,97.3,98.6,92.9,92.4
Tanzania,,19.9,24.7,27.9,31.5,35.3,38.9,,,,,76.7,87.4,93.5,122,79.5,71,68.4,62.6,47.5,,62.6,55.3,58.1,55.8,,,58.4,48.5,57.4,49.5,54.9,59,,57.4,54,70.5,80.4,,98.9,86.1,,77.2,72.4,,,,
Thailand,,,,,,37.5,39.6,39.9,41,,,71.4,,,,,,,,,,,,,,,,,,88.5,84.9,86.9,,,,,,,,,,,,,,90.6,,
Timor-Leste,,,,,,,,,,,,,,,,,,,,,,,,,,,,,,,,,,,,,,,76.6,66.8,66.1,73.6,81,89.8,96.5,101,95.3,
Togo,,25.3,30.6,,,,42.7,,52.3,51.8,53.4,50.1,47.7,46.7,40.3,33.9,33.7,32.4,37.6,30.4,36.4,36.4,37.2,,28.5,40.4,46.9,,,56.3,65.2,72.2,,72.8,74.8,74.2,74,,66.6,65.9,70.5,72,75.1,78.2,83.9,82.9,,
Tonga,,,,,,,,82,92.8,111,,130,118,,117,96,102,,,,128,97.1,,111,,,,,108,107,,106,,,,108,104,,,,,,101,111,,,,
Trinidad and Tobago,,,,,,,,,,,,,113,,,95.1,,,96.6,,,99.8,99.2,97.3,,,87.8,89.8,,100,93.3,86.7,,89.3,95,91.9,,95.8,93.4,95.7,94.9,,,,,,,
Tunisia,,57,54,60,60.8,66.5,65.1,67.5,70.9,59.5,61.5,81.7,63,63.5,67.2,67.7,70.8,72.1,71.8,76.5,81.3,75.1,69.6,74,80.4,90.1,87.2,89.4,,87.7,86.8,88.1,93.4,97.2,101,104,,103,92.4,88.8,99.1,,,96.8,99.6,103,,
Turkey,,,,,,,,,,,,,,,89,91.1,96.3,95.9,108,94.1,94.9,96.9,103,96,95.9,94,,,,,,,,,98.2,103,98.9,97.3,98.6,98.7,99,101,99.9,,91.6,92.5,,
Tuvalu,,,,,,,,,,,,,,,,,,,,,,,,,,,,,,,,102,92,96.1,100,106,99.2,,,,,,,,105,112,,
Uganda,,,,,,40.2,40.3,,,42.1,,,42.7,,,,38.2,,,,,,,,,,,,,,,59.8,61.7,61.2,57.5,56,,51.9,56.5,72.5,55.1,52.8,53.9,53.9,57.2,,52.6,
Ukraine,,103,98.8,98.8,96.8,,98.3,99.2,100,100,102,,101,96.3,96.3,95.6,,,94.3,,100,102,93.9,97.8,95.2,,,,102,99.7,96.1,99.4,101,,,118,104,100,97.6,94.5,96.1,96.5,97.8,104,103,,,
United Arab Emirates,,,,,39.1,41.2,48.8,55.9,59.7,64.6,67,71.1,80.5,79.9,76.9,73,74.6,75.1,73.5,80.8,89.6,96,94.5,92,90.8,88.8,84.9,86.8,84.4,83.1,79.8,76.2,80.1,,,,,97.2,,84.9,84.5,87.4,95,97,101,105,,
United Kingdom,,,,,,,,,,,,,,,,,,,,,,,,,,,,,,,,,,,,,,,,,,,,,,102,,
Uruguay,66.4,69.5,68.9,71.5,68.1,,69.4,70.2,69.2,70.5,72.6,,,,,87,88,91.8,92.1,92.9,94.5,94.9,92.7,94.5,94.8,94.4,94.4,95.8,95.9,96.2,97.3,95.4,94.9,91.8,92.2,95.4,99.5,104,106,106,104,,,103,103,102,,
Uzbekistan,,,,,,,,,,,,,,,,,,,,,,,,,,99.5,,,,96.3,95.5,100,102,96.4,94.6,96.4,98.3,96.3,94.9,92,91.7,92.3,92.7,96.4,96.1,97.9,96.3,97.7
Vanuatu,,,,,,,,,,,,,,,,,,,,,,,83.7,,75,,,,94.3,,92.1,106,,,90.8,,,83.6,81,84.4,83.6,,,93.8,,,,
Venezuela,,61,62.8,64.6,64.6,65.3,64,64.2,65.1,65.4,69.1,71.7,75.9,76.8,76.5,78.4,79.6,79.2,79.1,79.2,79,81.5,85,84.1,,,80.3,80.1,,80.3,81.9,83.3,89.9,87.8,88,89.8,93.6,95.6,93.4,93.4,92.3,93.6,95,95.1,96,95,92,
Vietnam,,,,,,,,,,81.5,,,,,,,,,,,,,,,,,,,,99,99,104,101,100,,93.1,96.8,,,,,103,102,99.1,106,104,105,
Yemen,,,,,,,,,,,,,,,,,,,,,,,,,,,,,,54.5,,57.5,56.8,59.9,59,58.9,,,62.4,,64.5,,69,68.9,,,71.6,
Zambia,,,68.7,70.4,74.1,75.5,75.9,78.1,82.8,81.9,82.6,83.2,85.1,87.2,92.3,,90.3,,,,,,,,,,,,64.1,61.8,59.2,,58.6,,69.2,80.3,81.6,85.2,88.9,83.1,95.4,,86.1,78.7,,,,
Zimbabwe,,,,,,,,,,,,,,,85.4,,,,,,,,,,,,,,,93.3,,92.6,86.2,84.4,,,,,,,,,88.1,88.9,,,,
