country,1961,1962,1963,1964,1965,1966,1967,1968,1969,1970,1971,1972,1973,1974,1975,1976,1977,1978,1979,1980,1981,1982,1983,1984,1985,1986,1987,1988,1989,1990,1991,1992,1993,1994,1995,1996,1997,1998,1999,2000,2001,2002,2003,2004,2005,2006,2007,2008,2009,2010,2011,2012,2013,2014,2015,2016,2017
Afghanistan,653000,653000,653000,653000,653000,653000,653000,653000,653000,653000,653000,653000,653000,653000,653000,653000,653000,653000,653000,653000,653000,653000,653000,653000,653000,653000,653000,653000,653000,653000,653000,653000,653000,653000,653000,653000,653000,653000,653000,653000,653000,653000,653000,653000,653000,653000,653000,653000,653000,653000,653000,653000,653000,653000,653000,653000,653000
Albania,28800,28800,28800,28800,28800,28800,28800,28800,28800,28800,28800,28800,28800,28800,28800,28800,28800,28800,28800,28800,28800,28800,28800,28800,28800,28800,28800,28800,28800,28800,28800,28800,28800,28800,28800,28800,28800,28800,28800,28800,28800,28800,28800,28800,28800,28800,28800,28800,28800,28800,28800,28800,28800,28800,28800,28800,28800
Algeria,2380000,2380000,2380000,2380000,2380000,2380000,2380000,2380000,2380000,2380000,2380000,2380000,2380000,2380000,2380000,2380000,2380000,2380000,2380000,2380000,2380000,2380000,2380000,2380000,2380000,2380000,2380000,2380000,2380000,2380000,2380000,2380000,2380000,2380000,2380000,2380000,2380000,2380000,2380000,2380000,2380000,2380000,2380000,2380000,2380000,2380000,2380000,2380000,2380000,2380000,2380000,2380000,2380000,2380000,2380000,2380000,2380000
Andorra,470,470,470,470,470,470,470,470,470,470,470,470,470,470,470,470,470,470,470,470,470,470,470,470,470,470,470,470,470,470,470,470,470,470,470,470,470,470,470,470,470,470,470,470,470,470,470,470,470,470,470,470,470,470,470,470,470
Angola,1250000,1250000,1250000,1250000,1250000,1250000,1250000,1250000,1250000,1250000,1250000,1250000,1250000,1250000,1250000,1250000,1250000,1250000,1250000,1250000,1250000,1250000,1250000,1250000,1250000,1250000,1250000,1250000,1250000,1250000,1250000,1250000,1250000,1250000,1250000,1250000,1250000,1250000,1250000,1250000,1250000,1250000,1250000,1250000,1250000,1250000,1250000,1250000,1250000,1250000,1250000,1250000,1250000,1250000,1250000,1250000,1250000
Antigua and Barbuda,440,440,440,440,440,440,440,440,440,440,440,440,440,440,440,440,440,440,440,440,440,440,440,440,440,440,440,440,440,440,440,440,440,440,440,440,440,440,440,440,440,440,440,440,440,440,440,440,440,440,440,440,440,440,440,440,440
Argentina,2780000,2780000,2780000,2780000,2780000,2780000,2780000,2780000,2780000,2780000,2780000,2780000,2780000,2780000,2780000,2780000,2780000,2780000,2780000,2780000,2780000,2780000,2780000,2780000,2780000,2780000,2780000,2780000,2780000,2780000,2780000,2780000,2780000,2780000,2780000,2780000,2780000,2780000,2780000,2780000,2780000,2780000,2780000,2780000,2780000,2780000,2780000,2780000,2780000,2780000,2780000,2780000,2780000,2780000,2780000,2780000,2780000
Armenia,29700,29700,29700,29700,29700,29700,29700,29700,29700,29700,29700,29700,29700,29700,29700,29700,29700,29700,29700,29700,29700,29700,29700,29700,29700,29700,29700,29700,29700,29700,29700,29700,29700,29700,29700,29700,29700,29700,29700,29700,29700,29700,29700,29700,29700,29700,29700,29700,29700,29700,29700,29700,29700,29700,29700,29700,29700
Australia,7740000,7740000,7740000,7740000,7740000,7740000,7740000,7740000,7740000,7740000,7740000,7740000,7740000,7740000,7740000,7740000,7740000,7740000,7740000,7740000,7740000,7740000,7740000,7740000,7740000,7740000,7740000,7740000,7740000,7740000,7740000,7740000,7740000,7740000,7740000,7740000,7740000,7740000,7740000,7740000,7740000,7740000,7740000,7740000,7740000,7740000,7740000,7740000,7740000,7740000,7740000,7740000,7740000,7740000,7740000,7740000,7740000
Austria,83900,83900,83900,83900,83900,83900,83900,83900,83900,83900,83900,83900,83900,83900,83900,83900,83900,83900,83900,83900,83900,83900,83900,83900,83900,83900,83900,83900,83900,83900,83900,83900,83900,83900,83900,83900,83900,83900,83900,83900,83900,83900,83900,83900,83900,83900,83900,83900,83900,83900,83900,83900,83900,83900,83900,83900,83900
Azerbaijan,86600,86600,86600,86600,86600,86600,86600,86600,86600,86600,86600,86600,86600,86600,86600,86600,86600,86600,86600,86600,86600,86600,86600,86600,86600,86600,86600,86600,86600,86600,86600,86600,86600,86600,86600,86600,86600,86600,86600,86600,86600,86600,86600,86600,86600,86600,86600,86600,86600,86600,86600,86600,86600,86600,86600,86600,86600
Bahamas,13900,13900,13900,13900,13900,13900,13900,13900,13900,13900,13900,13900,13900,13900,13900,13900,13900,13900,13900,13900,13900,13900,13900,13900,13900,13900,13900,13900,13900,13900,13900,13900,13900,13900,13900,13900,13900,13900,13900,13900,13900,13900,13900,13900,13900,13900,13900,13900,13900,13900,13900,13900,13900,13900,13900,13900,13900
Bahrain,690,690,690,690,690,690,690,690,690,690,690,690,690,690,690,690,690,690,690,690,690,690,690,690,690,690,690,690,690,690,690,710,710,710,710,710,710,710,710,710,710,710,720,730,740,740,750,760,760,762,767,770,770,771,771,771,771
Bangladesh,148000,148000,148000,148000,148000,148000,148000,148000,148000,148000,148000,148000,148000,148000,148000,148000,148000,148000,148000,148000,148000,148000,148000,148000,148000,148000,148000,148000,148000,148000,148000,148000,148000,148000,148000,148000,148000,148000,148000,148000,148000,148000,148000,148000,148000,148000,148000,148000,148000,148000,148000,148000,148000,148000,148000,148000,148000
Barbados,430,430,430,430,430,430,430,430,430,430,430,430,430,430,430,430,430,430,430,430,430,430,430,430,430,430,430,430,430,430,430,430,430,430,430,430,430,430,430,430,430,430,430,430,430,430,430,430,430,430,430,430,430,430,430,430,430
Belarus,208000,208000,208000,208000,208000,208000,208000,208000,208000,208000,208000,208000,208000,208000,208000,208000,208000,208000,208000,208000,208000,208000,208000,208000,208000,208000,208000,208000,208000,208000,208000,208000,208000,208000,208000,208000,208000,208000,208000,208000,208000,208000,208000,208000,208000,208000,208000,208000,208000,208000,208000,208000,208000,208000,208000,208000,208000
Belgium,0,0,0,0,0,0,0,0,0,0,0,0,0,0,0,0,0,0,0,0,0,0,0,0,0,0,0,0,0,0,0,0,0,0,0,0,0,0,0,30500,30500,30500,30500,30500,30500,30500,30500,30500,30500,30500,30500,30500,30500,30500,30500,30500,30500
Belize,23000,23000,23000,23000,23000,23000,23000,23000,23000,23000,23000,23000,23000,23000,23000,23000,23000,23000,23000,23000,23000,23000,23000,23000,23000,23000,23000,23000,23000,23000,23000,23000,23000,23000,23000,23000,23000,23000,23000,23000,23000,23000,23000,23000,23000,23000,23000,23000,23000,23000,23000,23000,23000,23000,23000,23000,23000
Benin,115000,115000,115000,115000,115000,115000,115000,115000,115000,115000,115000,115000,115000,115000,115000,115000,115000,115000,115000,115000,115000,115000,115000,115000,115000,115000,115000,115000,115000,115000,115000,115000,115000,115000,115000,115000,115000,115000,115000,115000,115000,115000,115000,115000,115000,115000,115000,115000,115000,115000,115000,115000,115000,115000,115000,115000,115000
Bhutan,47000,47000,47000,47000,47000,47000,47000,47000,47000,47000,47000,47000,47000,47000,47000,47000,47000,47000,47000,47000,47000,47000,47000,47000,47000,47000,47000,47000,47000,47000,47000,47000,47000,40100,40100,40100,40100,40100,40100,40100,40100,40100,40100,38400,38400,38400,38400,38400,38400,38400,38400,38400,38400,38400,38400,38400,38400
Bolivia,1100000,1100000,1100000,1100000,1100000,1100000,1100000,1100000,1100000,1100000,1100000,1100000,1100000,1100000,1100000,1100000,1100000,1100000,1100000,1100000,1100000,1100000,1100000,1100000,1100000,1100000,1100000,1100000,1100000,1100000,1100000,1100000,1100000,1100000,1100000,1100000,1100000,1100000,1100000,1100000,1100000,1100000,1100000,1100000,1100000,1100000,1100000,1100000,1100000,1100000,1100000,1100000,1100000,1100000,1100000,1100000,1100000
Bosnia and Herzegovina,51200,51200,51200,51200,51200,51200,51200,51200,51200,51200,51200,51200,51200,51200,51200,51200,51200,51200,51200,51200,51200,51200,51200,51200,51200,51200,51200,51200,51200,51200,51200,51200,51200,51200,51200,51200,51200,51200,51200,51200,51200,51200,51200,51200,51200,51200,51200,51200,51200,51200,51200,51200,51200,51200,51200,51200,51200
Botswana,582000,582000,582000,582000,582000,582000,582000,582000,582000,582000,582000,582000,582000,582000,582000,582000,582000,582000,582000,582000,582000,582000,582000,582000,582000,582000,582000,582000,582000,582000,582000,582000,582000,582000,582000,582000,582000,582000,582000,582000,582000,582000,582000,582000,582000,582000,582000,582000,582000,582000,582000,582000,582000,582000,582000,582000,582000
Brazil,8520000,8520000,8520000,8520000,8520000,8520000,8520000,8520000,8520000,8520000,8520000,8520000,8520000,8520000,8520000,8520000,8520000,8520000,8520000,8520000,8520000,8520000,8520000,8520000,8520000,8520000,8520000,8520000,8520000,8520000,8520000,8520000,8520000,8520000,8520000,8520000,8520000,8520000,8520000,8520000,8520000,8520000,8520000,8520000,8520000,8520000,8520000,8520000,8520000,8520000,8520000,8520000,8520000,8520000,8520000,8520000,8520000
Brunei,5770,5770,5770,5770,5770,5770,5770,5770,5770,5770,5770,5770,5770,5770,5770,5770,5770,5770,5770,5770,5770,5770,5770,5770,5770,5770,5770,5770,5770,5770,5770,5770,5770,5770,5770,5770,5770,5770,5770,5770,5770,5770,5770,5770,5770,5770,5770,5770,5770,5770,5770,5770,5770,5770,5770,5770,5770
Bulgaria,111000,111000,111000,111000,111000,111000,111000,111000,111000,111000,111000,111000,111000,111000,111000,111000,111000,111000,111000,111000,111000,111000,111000,111000,111000,111000,111000,111000,111000,111000,111000,111000,111000,111000,111000,111000,111000,111000,111000,111000,111000,111000,111000,111000,111000,111000,111000,111000,111000,111000,111000,111000,111000,111000,111000,111000,111000
Burkina Faso,274000,274000,274000,274000,274000,274000,274000,274000,274000,274000,274000,274000,274000,274000,274000,274000,274000,274000,274000,274000,274000,274000,274000,274000,274000,274000,274000,274000,274000,274000,274000,274000,274000,274000,274000,274000,274000,274000,274000,274000,274000,274000,274000,274000,274000,274000,274000,274000,274000,274000,274000,274000,274000,274000,274000,274000,274000
Burundi,27800,27800,27800,27800,27800,27800,27800,27800,27800,27800,27800,27800,27800,27800,27800,27800,27800,27800,27800,27800,27800,27800,27800,27800,27800,27800,27800,27800,27800,27800,27800,27800,27800,27800,27800,27800,27800,27800,27800,27800,27800,27800,27800,27800,27800,27800,27800,27800,27800,27800,27800,27800,27800,27800,27800,27800,27800
Cambodia,181000,181000,181000,181000,181000,181000,181000,181000,181000,181000,181000,181000,181000,181000,181000,181000,181000,181000,181000,181000,181000,181000,181000,181000,181000,181000,181000,181000,181000,181000,181000,181000,181000,181000,181000,181000,181000,181000,181000,181000,181000,181000,181000,181000,181000,181000,181000,181000,181000,181000,181000,181000,181000,181000,181000,181000,181000
Cameroon,475000,475000,475000,475000,475000,475000,475000,475000,475000,475000,475000,475000,475000,475000,475000,475000,475000,475000,475000,475000,475000,475000,475000,475000,475000,475000,475000,475000,475000,475000,475000,475000,475000,475000,475000,475000,475000,475000,475000,475000,475000,475000,475000,475000,475000,475000,475000,475000,475000,475000,475000,475000,475000,475000,475000,475000,475000
Canada,9980000,9980000,9980000,9980000,9980000,9980000,9980000,9980000,9980000,9980000,9980000,9980000,9980000,9980000,9980000,9980000,9980000,9980000,9980000,9980000,9980000,9980000,9980000,9980000,9980000,9980000,9980000,9980000,9980000,9980000,9980000,9980000,9980000,9980000,9980000,9980000,9980000,9980000,9980000,9980000,9980000,9980000,9980000,9980000,9980000,9980000,9980000,9980000,9980000,9980000,9980000,9980000,9980000,9980000,9980000,9980000,9980000
Cape Verde,4030,4030,4030,4030,4030,4030,4030,4030,4030,4030,4030,4030,4030,4030,4030,4030,4030,4030,4030,4030,4030,4030,4030,4030,4030,4030,4030,4030,4030,4030,4030,4030,4030,4030,4030,4030,4030,4030,4030,4030,4030,4030,4030,4030,4030,4030,4030,4030,4030,4030,4030,4030,4030,4030,4030,4030,4030
Central African Republic,623000,623000,623000,623000,623000,623000,623000,623000,623000,623000,623000,623000,623000,623000,623000,623000,623000,623000,623000,623000,623000,623000,623000,623000,623000,623000,623000,623000,623000,623000,623000,623000,623000,623000,623000,623000,623000,623000,623000,623000,623000,623000,623000,623000,623000,623000,623000,623000,623000,623000,623000,623000,623000,623000,623000,623000,623000
Chad,1280000,1280000,1280000,1280000,1280000,1280000,1280000,1280000,1280000,1280000,1280000,1280000,1280000,1280000,1280000,1280000,1280000,1280000,1280000,1280000,1280000,1280000,1280000,1280000,1280000,1280000,1280000,1280000,1280000,1280000,1280000,1280000,1280000,1280000,1280000,1280000,1280000,1280000,1280000,1280000,1280000,1280000,1280000,1280000,1280000,1280000,1280000,1280000,1280000,1280000,1280000,1280000,1280000,1280000,1280000,1280000,1280000
Chile,756000,756000,756000,756000,756000,756000,756000,756000,756000,756000,756000,756000,756000,756000,756000,756000,756000,756000,756000,756000,756000,756000,756000,756000,756000,756000,756000,756000,756000,756000,756000,756000,756000,756000,756000,756000,756000,756000,756000,756000,756000,756000,756000,756000,756000,756000,756000,756000,756000,756000,756000,756000,756000,756000,756000,756000,756000
China,9560000,9560000,9560000,9560000,9560000,9560000,9560000,9560000,9560000,9560000,9560000,9560000,9560000,9560000,9560000,9560000,9560000,9560000,9560000,9560000,9560000,9560000,9560000,9560000,9560000,9560000,9560000,9560000,9560000,9560000,9560000,9560000,9560000,9560000,9560000,9560000,9560000,9560000,9560000,9560000,9560000,9560000,9560000,9560000,9560000,9560000,9560000,9560000,9560000,9560000,9560000,9560000,9560000,9560000,9560000,9560000,9560000
Colombia,1140000,1140000,1140000,1140000,1140000,1140000,1140000,1140000,1140000,1140000,1140000,1140000,1140000,1140000,1140000,1140000,1140000,1140000,1140000,1140000,1140000,1140000,1140000,1140000,1140000,1140000,1140000,1140000,1140000,1140000,1140000,1140000,1140000,1140000,1140000,1140000,1140000,1140000,1140000,1140000,1140000,1140000,1140000,1140000,1140000,1140000,1140000,1140000,1140000,1140000,1140000,1140000,1140000,1140000,1140000,1140000,1140000
Comoros,1860,1860,1860,1860,1860,1860,1860,1860,1860,1860,1860,1860,1860,1860,1860,1860,1860,1860,1860,1860,1860,1860,1860,1860,1860,1860,1860,1860,1860,1860,1860,1860,1860,1860,1860,1860,1860,1860,1860,1860,1860,1860,1860,1860,1860,1860,1860,1860,1860,1860,1860,1860,1860,1860,1860,1860,1860
"Congo, Dem. Rep.",2340000,2340000,2340000,2340000,2340000,2340000,2340000,2340000,2340000,2340000,2340000,2340000,2340000,2340000,2340000,2340000,2340000,2340000,2340000,2340000,2340000,2340000,2340000,2340000,2340000,2340000,2340000,2340000,2340000,2340000,2340000,2340000,2340000,2340000,2340000,2340000,2340000,2340000,2340000,2340000,2340000,2340000,2340000,2340000,2340000,2340000,2340000,2340000,2340000,2340000,2340000,2340000,2340000,2340000,2340000,2340000,2340000
"Congo, Rep.",342000,342000,342000,342000,342000,342000,342000,342000,342000,342000,342000,342000,342000,342000,342000,342000,342000,342000,342000,342000,342000,342000,342000,342000,342000,342000,342000,342000,342000,342000,342000,342000,342000,342000,342000,342000,342000,342000,342000,342000,342000,342000,342000,342000,342000,342000,342000,342000,342000,342000,342000,342000,342000,342000,342000,342000,342000
Costa Rica,51100,51100,51100,51100,51100,51100,51100,51100,51100,51100,51100,51100,51100,51100,51100,51100,51100,51100,51100,51100,51100,51100,51100,51100,51100,51100,51100,51100,51100,51100,51100,51100,51100,51100,51100,51100,51100,51100,51100,51100,51100,51100,51100,51100,51100,51100,51100,51100,51100,51100,51100,51100,51100,51100,51100,51100,51100
Cote d'Ivoire,322000,322000,322000,322000,322000,322000,322000,322000,322000,322000,322000,322000,322000,322000,322000,322000,322000,322000,322000,322000,322000,322000,322000,322000,322000,322000,322000,322000,322000,322000,322000,322000,322000,322000,322000,322000,322000,322000,322000,322000,322000,322000,322000,322000,322000,322000,322000,322000,322000,322000,322000,322000,322000,322000,322000,322000,322000
Croatia,56500,56500,56500,56500,56500,56500,56500,56500,56500,56500,56500,56500,56500,56500,56500,56500,56500,56500,56500,56500,56500,56500,56500,56500,56500,56500,56500,56500,56500,56500,56500,56500,56500,56500,56500,56600,56600,56500,56500,56500,56500,56500,56500,56600,56600,56600,56600,56600,56600,56600,56600,56600,56600,56600,56600,56600,56600
Cuba,110000,110000,110000,110000,110000,110000,110000,110000,110000,110000,110000,110000,110000,110000,110000,110000,110000,110000,110000,110000,110000,110000,110000,110000,110000,110000,110000,110000,110000,110000,110000,110000,110000,110000,110000,110000,110000,110000,110000,110000,110000,110000,110000,110000,110000,110000,110000,110000,110000,110000,110000,110000,110000,110000,110000,110000,110000
Cyprus,9250,9250,9250,9250,9250,9250,9250,9250,9250,9250,9250,9250,9250,9250,9250,9250,9250,9250,9250,9250,9250,9250,9250,9250,9250,9250,9250,9250,9250,9250,9250,9250,9250,9250,9250,9250,9250,9250,9250,9250,9250,9250,9250,9250,9250,9250,9250,9250,9250,9250,9250,9250,9250,9250,9250,9250,9250
Czech Republic,78900,78900,78900,78900,78900,78900,78900,78900,78900,78900,78900,78900,78900,78900,78900,78900,78900,78900,78900,78900,78900,78900,78900,78900,78900,78900,78900,78900,78900,78900,78900,78900,78900,78900,78900,78900,78900,78900,78900,78900,78900,78900,78900,78900,78900,78900,78900,78900,78900,78900,78900,78900,78900,78900,78900,78900,78900
Denmark,43100,43100,43100,43100,43100,43100,43100,43100,43100,43100,43100,43100,43100,43100,43100,43100,43100,43100,43100,43100,43100,43100,43100,43100,43100,43100,43100,43100,43100,43100,43100,43100,43100,43100,43100,43100,43100,43100,43100,43100,43100,43100,43100,43100,43100,43100,43100,43100,43100,43100,43100,42900,42900,42900,42900,42900,42900
Djibouti,23200,23200,23200,23200,23200,23200,23200,23200,23200,23200,23200,23200,23200,23200,23200,23200,23200,23200,23200,23200,23200,23200,23200,23200,23200,23200,23200,23200,23200,23200,23200,23200,23200,23200,23200,23200,23200,23200,23200,23200,23200,23200,23200,23200,23200,23200,23200,23200,23200,23200,23200,23200,23200,23200,23200,23200,23200
Dominica,750,750,750,750,750,750,750,750,750,750,750,750,750,750,750,750,750,750,750,750,750,750,750,750,750,750,750,750,750,750,750,750,750,750,750,750,750,750,750,750,750,750,750,750,750,750,750,750,750,750,750,750,750,750,750,750,750
Dominican Republic,48700,48700,48700,48700,48700,48700,48700,48700,48700,48700,48700,48700,48700,48700,48700,48700,48700,48700,48700,48700,48700,48700,48700,48700,48700,48700,48700,48700,48700,48700,48700,48700,48700,48700,48700,48700,48700,48700,48700,48700,48700,48700,48700,48700,48700,48700,48700,48700,48700,48700,48700,48700,48700,48700,48700,48700,48700
Ecuador,284000,284000,284000,284000,284000,284000,284000,284000,284000,284000,284000,284000,284000,284000,284000,284000,284000,284000,284000,284000,284000,284000,284000,284000,284000,284000,284000,284000,284000,284000,284000,284000,284000,284000,284000,284000,284000,256000,256000,256000,256000,256000,256000,256000,256000,256000,256000,256000,256000,256000,256000,256000,256000,256000,256000,256000,256000
Egypt,1000000,1000000,1000000,1000000,1000000,1000000,1000000,1000000,1000000,1000000,1000000,1000000,1000000,1000000,1000000,1000000,1000000,1000000,1000000,1000000,1000000,1000000,1000000,1000000,1000000,1000000,1000000,1000000,1000000,1000000,1000000,1000000,1000000,1000000,1000000,1000000,1000000,1000000,1000000,1000000,1000000,1000000,1000000,1000000,1000000,1000000,1000000,1000000,1000000,1000000,1000000,1000000,1000000,1000000,1000000,1000000,1000000
El Salvador,21000,21000,21000,21000,21000,21000,21000,21000,21000,21000,21000,21000,21000,21000,21000,21000,21000,21000,21000,21000,21000,21000,21000,21000,21000,21000,21000,21000,21000,21000,21000,21000,21000,21000,21000,21000,21000,21000,21000,21000,21000,21000,21000,21000,21000,21000,21000,21000,21000,21000,21000,21000,21000,21000,21000,21000,21000
Equatorial Guinea,28100,28100,28100,28100,28100,28100,28100,28100,28100,28100,28100,28100,28100,28100,28100,28100,28100,28100,28100,28100,28100,28100,28100,28100,28100,28100,28100,28100,28100,28100,28100,28100,28100,28100,28100,28100,28100,28100,28100,28100,28100,28100,28100,28100,28100,28100,28100,28100,28100,28100,28100,28100,28100,28100,28100,28100,28100
Eritrea,0,0,0,0,0,0,0,0,0,0,0,0,0,0,0,0,0,0,0,0,0,0,0,0,0,0,0,0,0,0,0,0,118000,118000,118000,118000,118000,118000,118000,118000,118000,118000,118000,118000,118000,118000,118000,118000,118000,118000,118000,118000,118000,118000,118000,118000,118000
Estonia,45200,45200,45200,45200,45200,45200,45200,45200,45200,45200,45200,45200,45200,45200,45200,45200,45200,45200,45200,45200,45200,45200,45200,45200,45200,45200,45200,45200,45200,45200,45200,45200,45200,45200,45200,45200,45200,45200,45200,45200,45200,45200,45200,45200,45200,45200,45200,45200,45200,45200,45200,45200,45200,45200,45200,45200,45200
Ethiopia,1220000,1220000,1220000,1220000,1220000,1220000,1220000,1220000,1220000,1220000,1220000,1220000,1220000,1220000,1220000,1220000,1220000,1220000,1220000,1220000,1220000,1220000,1220000,1220000,1220000,1220000,1220000,1220000,1220000,1220000,1220000,1220000,1100000,1100000,1100000,1100000,1100000,1100000,1100000,1100000,1100000,1100000,1100000,1100000,1100000,1100000,1100000,1100000,1100000,1100000,1100000,1100000,1100000,1100000,1100000,1100000,1100000
Fiji,18300,18300,18300,18300,18300,18300,18300,18300,18300,18300,18300,18300,18300,18300,18300,18300,18300,18300,18300,18300,18300,18300,18300,18300,18300,18300,18300,18300,18300,18300,18300,18300,18300,18300,18300,18300,18300,18300,18300,18300,18300,18300,18300,18300,18300,18300,18300,18300,18300,18300,18300,18300,18300,18300,18300,18300,18300
Finland,338000,338000,338000,338000,338000,338000,338000,338000,338000,338000,338000,338000,338000,338000,338000,338000,338000,338000,338000,338000,338000,338000,338000,338000,338000,338000,338000,338000,338000,338000,338000,338000,338000,338000,338000,338000,338000,338000,338000,338000,338000,338000,338000,338000,338000,338000,338000,338000,338000,338000,338000,338000,338000,338000,338000,338000,338000
France,549000,549000,549000,549000,549000,549000,549000,549000,549000,549000,549000,549000,549000,549000,549000,549000,549000,549000,549000,549000,549000,549000,549000,549000,549000,549000,549000,549000,549000,549000,549000,549000,549000,549000,549000,549000,549000,549000,549000,549000,549000,549000,549000,549000,549000,549000,549000,549000,549000,549000,549000,549000,549000,549000,549000,549000,549000
Gabon,268000,268000,268000,268000,268000,268000,268000,268000,268000,268000,268000,268000,268000,268000,268000,268000,268000,268000,268000,268000,268000,268000,268000,268000,268000,268000,268000,268000,268000,268000,268000,268000,268000,268000,268000,268000,268000,268000,268000,268000,268000,268000,268000,268000,268000,268000,268000,268000,268000,268000,268000,268000,268000,268000,268000,268000,268000
Gambia,11300,11300,11300,11300,11300,11300,11300,11300,11300,11300,11300,11300,11300,11300,11300,11300,11300,11300,11300,11300,11300,11300,11300,11300,11300,11300,11300,11300,11300,11300,11300,11300,11300,11300,11300,11300,11300,11300,11300,11300,11300,11300,11300,11300,11300,11300,11300,11300,11300,11300,11300,11300,11300,11300,11300,11300,11300
Georgia,69700,69700,69700,69700,69700,69700,69700,69700,69700,69700,69700,69700,69700,69700,69700,69700,69700,69700,69700,69700,69700,69700,69700,69700,69700,69700,69700,69700,69700,69700,69700,69700,69700,69700,69700,69700,69700,69700,69700,69700,69700,69700,69700,69700,69700,69700,69700,69700,69700,69700,69700,69700,69700,69700,69700,69700,69700
Germany,357000,357000,357000,357000,357000,357000,357000,357000,357000,357000,357000,357000,357000,357000,357000,357000,357000,357000,357000,357000,357000,357000,357000,357000,357000,357000,357000,357000,357000,357000,357000,357000,357000,357000,357000,357000,357000,357000,357000,357000,357000,357000,357000,357000,357000,357000,357000,357000,357000,357000,357000,357000,357000,357000,357000,357000,357000
Ghana,239000,239000,239000,239000,239000,239000,239000,239000,239000,239000,239000,239000,239000,239000,239000,239000,239000,239000,239000,239000,239000,239000,239000,239000,239000,239000,239000,239000,239000,239000,239000,239000,239000,239000,239000,239000,239000,239000,239000,239000,239000,239000,239000,239000,239000,239000,239000,239000,239000,239000,239000,239000,239000,239000,239000,239000,239000
Greece,132000,132000,132000,132000,132000,132000,132000,132000,132000,132000,132000,132000,132000,132000,132000,132000,132000,132000,132000,132000,132000,132000,132000,132000,132000,132000,132000,132000,132000,132000,132000,132000,132000,132000,132000,132000,132000,132000,132000,132000,132000,132000,132000,132000,132000,132000,132000,132000,132000,132000,132000,132000,132000,132000,132000,132000,132000
Grenada,340,340,340,340,340,340,340,340,340,340,340,340,340,340,340,340,340,340,340,340,340,340,340,340,340,340,340,340,340,340,340,340,340,340,340,340,340,340,340,340,340,340,340,340,340,340,340,340,340,340,340,340,340,340,340,340,340
Guatemala,109000,109000,109000,109000,109000,109000,109000,109000,109000,109000,109000,109000,109000,109000,109000,109000,109000,109000,109000,109000,109000,109000,109000,109000,109000,109000,109000,109000,109000,109000,109000,109000,109000,109000,109000,109000,109000,109000,109000,109000,109000,109000,109000,109000,109000,109000,109000,109000,109000,109000,109000,109000,109000,109000,109000,109000,109000
Guinea,246000,246000,246000,246000,246000,246000,246000,246000,246000,246000,246000,246000,246000,246000,246000,246000,246000,246000,246000,246000,246000,246000,246000,246000,246000,246000,246000,246000,246000,246000,246000,246000,246000,246000,246000,246000,246000,246000,246000,246000,246000,246000,246000,246000,246000,246000,246000,246000,246000,246000,246000,246000,246000,246000,246000,246000,246000
Guinea-Bissau,36100,36100,36100,36100,36100,36100,36100,36100,36100,36100,36100,36100,36100,36100,36100,36100,36100,36100,36100,36100,36100,36100,36100,36100,36100,36100,36100,36100,36100,36100,36100,36100,36100,36100,36100,36100,36100,36100,36100,36100,36100,36100,36100,36100,36100,36100,36100,36100,36100,36100,36100,36100,36100,36100,36100,36100,36100
Guyana,215000,215000,215000,215000,215000,215000,215000,215000,215000,215000,215000,215000,215000,215000,215000,215000,215000,215000,215000,215000,215000,215000,215000,215000,215000,215000,215000,215000,215000,215000,215000,215000,215000,215000,215000,215000,215000,215000,215000,215000,215000,215000,215000,215000,215000,215000,215000,215000,215000,215000,215000,215000,215000,215000,215000,215000,215000
Haiti,27800,27800,27800,27800,27800,27800,27800,27800,27800,27800,27800,27800,27800,27800,27800,27800,27800,27800,27800,27800,27800,27800,27800,27800,27800,27800,27800,27800,27800,27800,27800,27800,27800,27800,27800,27800,27800,27800,27800,27800,27800,27800,27800,27800,27800,27800,27800,27800,27800,27800,27800,27800,27800,27800,27800,27800,27800
Honduras,112000,112000,112000,112000,112000,112000,112000,112000,112000,112000,112000,112000,112000,112000,112000,112000,112000,112000,112000,112000,112000,112000,112000,112000,112000,112000,112000,112000,112000,112000,112000,112000,112000,112000,112000,112000,112000,112000,112000,112000,112000,112000,112000,112000,112000,112000,112000,112000,112000,112000,112000,112000,112000,112000,112000,112000,112000
Hungary,93000,93000,93000,93000,93000,93000,93000,93000,93000,93000,93000,93000,93000,93000,93000,93000,93000,93000,93000,93000,93000,93000,93000,93000,93000,93000,93000,93000,93000,93000,93000,93000,93000,93000,93000,93000,93000,93000,93000,93000,93000,93000,93000,93000,93000,93000,93000,93000,93000,93000,93000,93000,93000,93000,93000,93000,93000
Iceland,103000,103000,103000,103000,103000,103000,103000,103000,103000,103000,103000,103000,103000,103000,103000,103000,103000,103000,103000,103000,103000,103000,103000,103000,103000,103000,103000,103000,103000,103000,103000,103000,103000,103000,103000,103000,103000,103000,103000,103000,103000,103000,103000,103000,103000,103000,103000,103000,103000,103000,103000,103000,103000,103000,103000,103000,103000
India,3290000,3290000,3290000,3290000,3290000,3290000,3290000,3290000,3290000,3290000,3290000,3290000,3290000,3290000,3290000,3290000,3290000,3290000,3290000,3290000,3290000,3290000,3290000,3290000,3290000,3290000,3290000,3290000,3290000,3290000,3290000,3290000,3290000,3290000,3290000,3290000,3290000,3290000,3290000,3290000,3290000,3290000,3290000,3290000,3290000,3290000,3290000,3290000,3290000,3290000,3290000,3290000,3290000,3290000,3290000,3290000,3290000
Indonesia,1910000,1910000,1910000,1910000,1910000,1910000,1910000,1910000,1910000,1910000,1910000,1910000,1910000,1910000,1910000,1910000,1910000,1910000,1910000,1910000,1910000,1910000,1910000,1910000,1910000,1910000,1910000,1910000,1910000,1910000,1910000,1910000,1910000,1910000,1910000,1910000,1910000,1910000,1910000,1910000,1910000,1910000,1910000,1910000,1910000,1910000,1910000,1910000,1910000,1910000,1910000,1910000,1910000,1910000,1910000,1910000,1910000
Iran,1750000,1750000,1750000,1750000,1750000,1750000,1750000,1750000,1750000,1750000,1750000,1750000,1750000,1750000,1750000,1750000,1750000,1750000,1750000,1750000,1750000,1750000,1750000,1750000,1750000,1750000,1750000,1750000,1750000,1750000,1750000,1750000,1750000,1750000,1750000,1750000,1750000,1750000,1750000,1750000,1750000,1750000,1750000,1750000,1750000,1750000,1750000,1750000,1750000,1750000,1750000,1750000,1750000,1750000,1750000,1750000,1750000
Iraq,438000,438000,438000,438000,438000,438000,438000,438000,438000,438000,438000,438000,438000,438000,438000,438000,438000,438000,438000,438000,438000,438000,438000,438000,438000,438000,438000,438000,438000,438000,438000,438000,438000,438000,438000,438000,438000,438000,438000,438000,438000,438000,438000,438000,438000,438000,438000,438000,435000,435000,435000,435000,435000,435000,435000,435000,435000
Ireland,70300,70300,70300,70300,70300,70300,70300,70300,70300,70300,70300,70300,70300,70300,70300,70300,70300,70300,70300,70300,70300,70300,70300,70300,70300,70300,70300,70300,70300,70300,70300,70300,70300,70300,70300,70300,70300,70300,70300,70300,70300,70300,70300,70300,70300,70300,70300,70300,70300,70300,70300,70300,70300,70300,70300,70300,70300
Israel,22100,22100,22100,22100,22100,22100,22100,22100,22100,22100,22100,22100,22100,22100,22100,22100,22100,22100,22100,22100,22100,22100,22100,22100,22100,22100,22100,22100,22100,22100,22100,22100,22100,22100,22100,22100,22100,22100,22100,22100,22100,22100,22100,22100,22100,22100,22100,22100,22100,22100,22100,22100,22100,22100,22100,22100,22100
Italy,301000,301000,301000,301000,301000,301000,301000,301000,301000,301000,301000,301000,301000,301000,301000,301000,301000,301000,301000,301000,301000,301000,301000,301000,301000,301000,301000,301000,301000,301000,301000,301000,301000,301000,301000,301000,301000,301000,301000,301000,301000,301000,301000,301000,301000,301000,301000,301000,301000,301000,301000,301000,301000,301000,301000,301000,301000
Jamaica,11000,11000,11000,11000,11000,11000,11000,11000,11000,11000,11000,11000,11000,11000,11000,11000,11000,11000,11000,11000,11000,11000,11000,11000,11000,11000,11000,11000,11000,11000,11000,11000,11000,11000,11000,11000,11000,11000,11000,11000,11000,11000,11000,11000,11000,11000,11000,11000,11000,11000,11000,11000,11000,11000,11000,11000,11000
Japan,378000,378000,378000,378000,378000,378000,378000,378000,378000,378000,378000,378000,378000,378000,378000,378000,378000,378000,378000,378000,378000,378000,378000,378000,378000,378000,378000,378000,378000,378000,378000,378000,378000,378000,378000,378000,378000,378000,378000,378000,378000,378000,378000,378000,378000,378000,378000,378000,378000,378000,378000,378000,378000,378000,378000,378000,378000
Jordan,88800,88800,88800,88800,88800,88800,88800,88800,88800,88800,88800,88800,88800,88800,88800,88800,88800,88800,88800,88800,88800,88800,88800,88800,88800,88800,88800,88800,88800,88800,88800,88800,88800,88800,88800,88800,88800,88800,88800,88800,88800,88800,88800,88800,88800,88800,88800,88800,89300,89300,89300,89300,89300,89300,89300,89300,89300
Kazakhstan,2720000,2720000,2720000,2720000,2720000,2720000,2720000,2720000,2720000,2720000,2720000,2720000,2720000,2720000,2720000,2720000,2720000,2720000,2720000,2720000,2720000,2720000,2720000,2720000,2720000,2720000,2720000,2720000,2720000,2720000,2720000,2720000,2720000,2720000,2720000,2720000,2720000,2720000,2720000,2720000,2720000,2720000,2720000,2720000,2720000,2720000,2720000,2720000,2720000,2720000,2720000,2720000,2720000,2720000,2720000,2720000,2720000
Kenya,580000,580000,580000,580000,580000,580000,580000,580000,580000,580000,580000,580000,580000,580000,580000,580000,580000,580000,580000,580000,580000,580000,580000,580000,580000,580000,580000,580000,580000,580000,580000,580000,580000,580000,580000,580000,580000,580000,580000,580000,580000,580000,580000,580000,580000,580000,580000,580000,580000,580000,580000,580000,580000,580000,580000,580000,580000
Kiribati,810,810,810,810,810,810,810,810,810,810,810,810,810,810,810,810,810,810,810,810,810,810,810,810,810,810,810,810,810,810,810,810,810,810,810,810,810,810,810,810,810,810,810,810,810,810,810,810,810,810,810,810,810,810,810,810,810
Kuwait,17800,17800,17800,17800,17800,17800,17800,17800,17800,17800,17800,17800,17800,17800,17800,17800,17800,17800,17800,17800,17800,17800,17800,17800,17800,17800,17800,17800,17800,17800,17800,17800,17800,17800,17800,17800,17800,17800,17800,17800,17800,17800,17800,17800,17800,17800,17800,17800,17800,17800,17800,17800,17800,17800,17800,17800,17800
Kyrgyz Republic,200000,200000,200000,200000,200000,200000,200000,200000,200000,200000,200000,200000,200000,200000,200000,200000,200000,200000,200000,200000,200000,200000,200000,200000,200000,200000,200000,200000,200000,200000,200000,200000,200000,200000,200000,200000,200000,200000,200000,200000,200000,200000,200000,200000,200000,200000,200000,200000,200000,200000,200000,200000,200000,200000,200000,200000,200000
Lao,237000,237000,237000,237000,237000,237000,237000,237000,237000,237000,237000,237000,237000,237000,237000,237000,237000,237000,237000,237000,237000,237000,237000,237000,237000,237000,237000,237000,237000,237000,237000,237000,237000,237000,237000,237000,237000,237000,237000,237000,237000,237000,237000,237000,237000,237000,237000,237000,237000,237000,237000,237000,237000,237000,237000,237000,237000
Latvia,64600,64600,64600,64600,64600,64600,64600,64600,64600,64600,64600,64600,64600,64600,64600,64600,64600,64600,64600,64600,64600,64600,64600,64600,64600,64600,64600,64600,64600,64600,64600,64600,64600,64600,64600,64600,64600,64600,64600,64600,64600,64600,64600,64600,64600,64600,64600,64600,64600,64500,64500,64500,64500,64500,64500,64500,64500
Lebanon,10500,10500,10500,10500,10500,10500,10500,10500,10500,10500,10500,10500,10500,10500,10500,10500,10500,10500,10500,10500,10500,10500,10500,10500,10500,10500,10500,10500,10500,10500,10500,10500,10500,10500,10500,10500,10500,10500,10500,10500,10500,10500,10500,10500,10500,10500,10500,10500,10500,10500,10500,10500,10500,10500,10500,10500,10500
Lesotho,30400,30400,30400,30400,30400,30400,30400,30400,30400,30400,30400,30400,30400,30400,30400,30400,30400,30400,30400,30400,30400,30400,30400,30400,30400,30400,30400,30400,30400,30400,30400,30400,30400,30400,30400,30400,30400,30400,30400,30400,30400,30400,30400,30400,30400,30400,30400,30400,30400,30400,30400,30400,30400,30400,30400,30400,30400
Liberia,111000,111000,111000,111000,111000,111000,111000,111000,111000,111000,111000,111000,111000,111000,111000,111000,111000,111000,111000,111000,111000,111000,111000,111000,111000,111000,111000,111000,111000,111000,111000,111000,111000,111000,111000,111000,111000,111000,111000,111000,111000,111000,111000,111000,111000,111000,111000,111000,111000,111000,111000,111000,111000,111000,111000,111000,111000
Libya,1760000,1760000,1760000,1760000,1760000,1760000,1760000,1760000,1760000,1760000,1760000,1760000,1760000,1760000,1760000,1760000,1760000,1760000,1760000,1760000,1760000,1760000,1760000,1760000,1760000,1760000,1760000,1760000,1760000,1760000,1760000,1760000,1760000,1760000,1760000,1760000,1760000,1760000,1760000,1760000,1760000,1760000,1760000,1760000,1760000,1760000,1760000,1760000,1760000,1760000,1760000,1760000,1760000,1760000,1760000,1760000,1760000
Liechtenstein,160,160,160,160,160,160,160,160,160,160,160,160,160,160,160,160,160,160,160,160,160,160,160,160,160,160,160,160,160,160,160,160,160,160,160,160,160,160,160,160,160,160,160,160,160,160,160,160,160,160,160,160,160,160,160,160,160
Lithuania,65300,65300,65300,65300,65300,65300,65300,65300,65300,65300,65300,65300,65300,65300,65300,65300,65300,65300,65300,65300,65300,65300,65300,65300,65300,65300,65300,65300,65300,65300,65300,65300,65300,65300,65300,65300,65300,65300,65300,65300,65300,65300,65300,65300,65300,65300,65300,65300,65300,65300,65300,65300,65300,65300,65300,65300,65300
Luxembourg,0,0,0,0,0,0,0,0,0,0,0,0,0,0,0,0,0,0,0,0,0,0,0,0,0,0,0,0,0,0,0,0,0,0,0,0,0,0,0,2590,2590,2590,2590,2590,2590,2590,2590,2590,2590,2590,2590,2590,2590,2590,2590,2590,2590
"Macedonia, FYR",25700,25700,25700,25700,25700,25700,25700,25700,25700,25700,25700,25700,25700,25700,25700,25700,25700,25700,25700,25700,25700,25700,25700,25700,25700,25700,25700,25700,25700,25700,25700,25700,25700,25700,25700,25700,25700,25700,25700,25700,25700,25700,25700,25700,25700,25700,25700,25700,25700,25700,25700,25700,25700,25700,25700,25700,25700
Madagascar,587000,587000,587000,587000,587000,587000,587000,587000,587000,587000,587000,587000,587000,587000,587000,587000,587000,587000,587000,587000,587000,587000,587000,587000,587000,587000,587000,587000,587000,587000,587000,587000,587000,587000,587000,587000,587000,587000,587000,587000,587000,587000,587000,587000,587000,587000,587000,587000,587000,587000,587000,587000,587000,587000,587000,587000,587000
Malawi,118000,118000,118000,118000,118000,118000,118000,118000,118000,118000,118000,118000,118000,118000,118000,118000,118000,118000,118000,118000,118000,118000,118000,118000,118000,118000,118000,118000,118000,118000,118000,118000,118000,118000,118000,118000,118000,118000,118000,118000,118000,118000,118000,118000,118000,118000,118000,118000,118000,118000,118000,118000,118000,118000,118000,118000,118000
Malaysia,331000,331000,331000,331000,331000,331000,331000,331000,331000,331000,331000,331000,331000,331000,331000,331000,331000,331000,331000,331000,331000,331000,331000,331000,331000,331000,331000,331000,331000,331000,331000,331000,331000,331000,331000,331000,331000,331000,331000,331000,331000,331000,331000,331000,331000,331000,331000,331000,331000,331000,331000,331000,331000,331000,331000,331000,331000
Maldives,300,300,300,300,300,300,300,300,300,300,300,300,300,300,300,300,300,300,300,300,300,300,300,300,300,300,300,300,300,300,300,300,300,300,300,300,300,300,300,300,300,300,300,300,300,300,300,300,300,300,300,300,300,300,300,300,300
Mali,1240000,1240000,1240000,1240000,1240000,1240000,1240000,1240000,1240000,1240000,1240000,1240000,1240000,1240000,1240000,1240000,1240000,1240000,1240000,1240000,1240000,1240000,1240000,1240000,1240000,1240000,1240000,1240000,1240000,1240000,1240000,1240000,1240000,1240000,1240000,1240000,1240000,1240000,1240000,1240000,1240000,1240000,1240000,1240000,1240000,1240000,1240000,1240000,1240000,1240000,1240000,1240000,1240000,1240000,1240000,1240000,1240000
Malta,320,320,320,320,320,320,320,320,320,320,320,320,320,320,320,320,320,320,320,320,320,320,320,320,320,320,320,320,320,320,320,320,320,320,320,320,320,320,320,320,320,320,320,320,320,320,320,320,320,320,320,320,320,320,320,320,320
Marshall Islands,0,0,0,0,0,0,0,0,0,0,0,0,0,0,0,0,0,0,0,0,0,0,0,0,0,0,0,0,0,0,180,180,180,180,180,180,180,180,180,180,180,180,180,180,180,180,180,180,180,180,180,180,180,180,180,180,180
Mauritania,1030000,1030000,1030000,1030000,1030000,1030000,1030000,1030000,1030000,1030000,1030000,1030000,1030000,1030000,1030000,1030000,1030000,1030000,1030000,1030000,1030000,1030000,1030000,1030000,1030000,1030000,1030000,1030000,1030000,1030000,1030000,1030000,1030000,1030000,1030000,1030000,1030000,1030000,1030000,1030000,1030000,1030000,1030000,1030000,1030000,1030000,1030000,1030000,1030000,1030000,1030000,1030000,1030000,1030000,1030000,1030000,1030000
Mauritius,2040,2040,2040,2040,2040,2040,2040,2040,2040,2040,2040,2040,2040,2040,2040,2040,2040,2040,2040,2040,2040,2040,2040,2040,2040,2040,2040,2040,2040,2040,2040,2040,2040,2040,2040,2040,2040,2040,2040,2040,2040,2040,2040,2040,2040,2040,2040,2040,2040,2040,2040,2040,2040,2040,2040,2040,2040
Mexico,1960000,1960000,1960000,1960000,1960000,1960000,1960000,1960000,1960000,1960000,1960000,1960000,1960000,1960000,1960000,1960000,1960000,1960000,1960000,1960000,1960000,1960000,1960000,1960000,1960000,1960000,1960000,1960000,1960000,1960000,1960000,1960000,1960000,1960000,1960000,1960000,1960000,1960000,1960000,1960000,1960000,1960000,1960000,1960000,1960000,1960000,1960000,1960000,1960000,1960000,1960000,1960000,1960000,1960000,1960000,1960000,1960000
"Micronesia, Fed. Sts.",0,0,0,0,0,0,0,0,0,0,0,0,0,0,0,0,0,0,0,0,0,0,0,0,0,0,0,0,0,0,700,700,700,700,700,700,700,700,700,700,700,700,700,700,700,700,700,700,700,700,700,700,700,700,700,700,700
Moldova,33800,33800,33800,33800,33800,33800,33800,33800,33800,33800,33800,33800,33800,33800,33800,33800,33800,33800,33800,33800,33800,33800,33800,33800,33800,33800,33800,33800,33800,33800,33800,33800,33800,33800,33900,33900,33800,33800,33800,33800,33800,33800,33800,33900,33900,33900,33900,33900,33900,33900,33900,33900,33900,33900,33900,33900,33900
Monaco,2,2,2,2,2,2,2,2,2,2,2,2,2,2,2,2,2,2,2,2,2,2,2,2,2,2,2,2,2,2,2,2,2,2,2,2,2,2,2,2,2,2,2,2,2,2,2,2,2,2,2,2,2,2,2,2,2
Mongolia,1560000,1560000,1560000,1560000,1560000,1560000,1560000,1560000,1560000,1560000,1560000,1560000,1560000,1560000,1560000,1560000,1560000,1560000,1560000,1560000,1560000,1560000,1560000,1560000,1560000,1560000,1560000,1560000,1560000,1560000,1560000,1560000,1560000,1560000,1560000,1560000,1560000,1560000,1560000,1560000,1560000,1560000,1560000,1560000,1560000,1560000,1560000,1560000,1560000,1560000,1560000,1560000,1560000,1560000,1560000,1560000,1560000
Montenegro,13800,13800,13800,13800,13800,13800,13800,13800,13800,13800,13800,13800,13800,13800,13800,13800,13800,13800,13800,13800,13800,13800,13800,13800,13800,13800,13800,13800,13800,13800,13800,13800,13800,13800,13800,13800,13800,13800,13800,13800,13800,13800,13800,13800,13800,13800,13800,13800,13800,13800,13800,13800,13800,13800,13800,13800,13800
Morocco,447000,447000,447000,447000,447000,447000,447000,447000,447000,447000,447000,447000,447000,447000,447000,447000,447000,447000,447000,447000,447000,447000,447000,447000,447000,447000,447000,447000,447000,447000,447000,447000,447000,447000,447000,447000,447000,447000,447000,447000,447000,447000,447000,447000,447000,447000,447000,447000,447000,447000,447000,447000,447000,447000,447000,447000,447000
Mozambique,799000,799000,799000,799000,799000,799000,799000,799000,799000,799000,799000,799000,799000,799000,799000,799000,799000,799000,799000,799000,799000,799000,799000,799000,799000,799000,799000,799000,799000,799000,799000,799000,799000,799000,799000,799000,799000,799000,799000,799000,799000,799000,799000,799000,799000,799000,799000,799000,799000,799000,799000,799000,799000,799000,799000,799000,799000
Myanmar,677000,677000,677000,677000,677000,677000,677000,677000,677000,677000,677000,677000,677000,677000,677000,677000,677000,677000,677000,677000,677000,677000,677000,677000,677000,677000,677000,677000,677000,677000,677000,677000,677000,677000,677000,677000,677000,677000,677000,677000,677000,677000,677000,677000,677000,677000,677000,677000,677000,677000,677000,677000,677000,677000,677000,677000,677000
Namibia,824000,824000,824000,824000,824000,824000,824000,824000,824000,824000,824000,824000,824000,824000,824000,824000,824000,824000,824000,824000,824000,824000,824000,824000,824000,824000,824000,824000,824000,824000,824000,824000,824000,824000,824000,824000,824000,824000,824000,824000,824000,824000,824000,824000,824000,824000,824000,824000,824000,824000,824000,824000,824000,824000,824000,824000,824000
Nauru,20,20,20,20,20,20,20,20,20,20,20,20,20,20,20,20,20,20,20,20,20,20,20,20,20,20,20,20,20,20,20,20,20,20,20,20,20,20,20,20,20,20,20,20,20,20,20,20,20,20,20,20,20,20,20,20,20
Nepal,147000,147000,147000,147000,147000,147000,147000,147000,147000,147000,147000,147000,147000,147000,147000,147000,147000,147000,147000,147000,147000,147000,147000,147000,147000,147000,147000,147000,147000,147000,147000,147000,147000,147000,147000,147000,147000,147000,147000,147000,147000,147000,147000,147000,147000,147000,147000,147000,147000,147000,147000,147000,147000,147000,147000,147000,147000
Netherlands,41500,41500,41500,41500,41500,41500,41500,41500,41500,41500,41500,41500,41500,41500,41500,41500,41500,41500,41500,41500,41500,41500,41500,41500,41500,41500,41500,41500,41500,41500,41500,41500,41500,41500,41500,41500,41500,41500,41500,41500,41500,41500,41500,41500,41500,41500,41500,41500,41500,41500,41500,41500,41500,41500,41500,41500,41500
New Zealand,268000,268000,268000,268000,268000,268000,268000,268000,268000,268000,268000,268000,268000,268000,268000,268000,268000,268000,268000,268000,268000,268000,268000,268000,268000,268000,268000,268000,268000,268000,268000,268000,268000,268000,268000,268000,268000,268000,268000,268000,268000,268000,268000,268000,268000,268000,268000,268000,268000,268000,268000,268000,268000,268000,268000,268000,268000
Nicaragua,130000,130000,130000,130000,130000,130000,130000,130000,130000,130000,130000,130000,130000,130000,130000,130000,130000,130000,130000,130000,130000,130000,130000,130000,130000,130000,130000,130000,130000,130000,130000,130000,130000,130000,130000,130000,130000,130000,130000,130000,130000,130000,130000,130000,130000,130000,130000,130000,130000,130000,130000,130000,130000,130000,130000,130000,130000
Niger,1270000,1270000,1270000,1270000,1270000,1270000,1270000,1270000,1270000,1270000,1270000,1270000,1270000,1270000,1270000,1270000,1270000,1270000,1270000,1270000,1270000,1270000,1270000,1270000,1270000,1270000,1270000,1270000,1270000,1270000,1270000,1270000,1270000,1270000,1270000,1270000,1270000,1270000,1270000,1270000,1270000,1270000,1270000,1270000,1270000,1270000,1270000,1270000,1270000,1270000,1270000,1270000,1270000,1270000,1270000,1270000,1270000
Nigeria,924000,924000,924000,924000,924000,924000,924000,924000,924000,924000,924000,924000,924000,924000,924000,924000,924000,924000,924000,924000,924000,924000,924000,924000,924000,924000,924000,924000,924000,924000,924000,924000,924000,924000,924000,924000,924000,924000,924000,924000,924000,924000,924000,924000,924000,924000,924000,924000,924000,924000,924000,924000,924000,924000,924000,924000,924000
North Korea,121000,121000,121000,121000,121000,121000,121000,121000,121000,121000,121000,121000,121000,121000,121000,121000,121000,121000,121000,121000,121000,121000,121000,121000,121000,121000,121000,121000,121000,121000,121000,121000,121000,121000,121000,121000,121000,121000,121000,121000,121000,121000,121000,121000,121000,121000,121000,121000,121000,121000,121000,121000,121000,121000,121000,121000,121000
Norway,385000,385000,385000,385000,385000,385000,385000,385000,385000,385000,385000,385000,385000,385000,385000,385000,385000,385000,385000,385000,385000,385000,385000,385000,385000,385000,385000,385000,385000,385000,385000,385000,385000,385000,385000,385000,385000,385000,385000,385000,385000,385000,385000,385000,385000,385000,385000,385000,385000,385000,385000,385000,385000,385000,385000,385000,385000
Oman,310000,310000,310000,310000,310000,310000,310000,310000,310000,310000,310000,310000,310000,310000,310000,310000,310000,310000,310000,310000,310000,310000,310000,310000,310000,310000,310000,310000,310000,310000,310000,310000,310000,310000,310000,310000,310000,310000,310000,310000,310000,310000,310000,310000,310000,310000,310000,310000,310000,310000,310000,310000,310000,310000,310000,310000,310000
Pakistan,796000,796000,796000,796000,796000,796000,796000,796000,796000,796000,796000,796000,796000,796000,796000,796000,796000,796000,796000,796000,796000,796000,796000,796000,796000,796000,796000,796000,796000,796000,796000,796000,796000,796000,796000,796000,796000,796000,796000,796000,796000,796000,796000,796000,796000,796000,796000,796000,796000,796000,796000,796000,796000,796000,796000,796000,796000
Palau,0,0,0,0,0,0,0,0,0,0,0,0,0,0,0,0,0,0,0,0,0,0,0,0,0,0,0,0,0,0,460,460,460,460,460,460,460,460,460,460,460,460,460,460,460,460,460,460,460,460,460,460,460,460,460,460,460
Palestine,6020,6020,6020,6020,6020,6020,6020,6020,6020,6020,6020,6020,6020,6020,6020,6020,6020,6020,6020,6020,6020,6020,6020,6020,6020,6020,6020,6020,6020,6020,6020,6020,6020,6020,6020,6020,6020,6020,6020,6020,6020,6020,6020,6020,6020,6020,6020,6020,6020,6020,6020,6020,6020,6020,6020,6020,6020
Panama,75400,75400,75400,75400,75400,75400,75400,75400,75400,75400,75400,75400,75400,75400,75400,75400,75400,75400,75400,75400,75400,75400,75400,75400,75400,75400,75400,75400,75400,75400,75400,75400,75400,75400,75400,75400,75400,75400,75400,75400,75400,75400,75400,75400,75400,75400,75400,75400,75400,75400,75400,75400,75400,75400,75400,75400,75400
Papua New Guinea,463000,463000,463000,463000,463000,463000,463000,463000,463000,463000,463000,463000,463000,463000,463000,463000,463000,463000,463000,463000,463000,463000,463000,463000,463000,463000,463000,463000,463000,463000,463000,463000,463000,463000,463000,463000,463000,463000,463000,463000,463000,463000,463000,463000,463000,463000,463000,463000,463000,463000,463000,463000,463000,463000,463000,463000,463000
Paraguay,407000,407000,407000,407000,407000,407000,407000,407000,407000,407000,407000,407000,407000,407000,407000,407000,407000,407000,407000,407000,407000,407000,407000,407000,407000,407000,407000,407000,407000,407000,407000,407000,407000,407000,407000,407000,407000,407000,407000,407000,407000,407000,407000,407000,407000,407000,407000,407000,407000,407000,407000,407000,407000,407000,407000,407000,407000
Peru,1290000,1290000,1290000,1290000,1290000,1290000,1290000,1290000,1290000,1290000,1290000,1290000,1290000,1290000,1290000,1290000,1290000,1290000,1290000,1290000,1290000,1290000,1290000,1290000,1290000,1290000,1290000,1290000,1290000,1290000,1290000,1290000,1290000,1290000,1290000,1290000,1290000,1290000,1290000,1290000,1290000,1290000,1290000,1290000,1290000,1290000,1290000,1290000,1290000,1290000,1290000,1290000,1290000,1290000,1290000,1290000,1290000
Philippines,300000,300000,300000,300000,300000,300000,300000,300000,300000,300000,300000,300000,300000,300000,300000,300000,300000,300000,300000,300000,300000,300000,300000,300000,300000,300000,300000,300000,300000,300000,300000,300000,300000,300000,300000,300000,300000,300000,300000,300000,300000,300000,300000,300000,300000,300000,300000,300000,300000,300000,300000,300000,300000,300000,300000,300000,300000
Poland,313000,313000,313000,313000,313000,313000,313000,313000,313000,313000,313000,313000,313000,313000,313000,313000,313000,313000,313000,313000,313000,313000,313000,313000,313000,313000,313000,313000,313000,313000,313000,313000,313000,313000,313000,313000,313000,313000,313000,313000,313000,313000,313000,313000,313000,313000,313000,313000,313000,313000,313000,313000,313000,313000,313000,313000,313000
Portugal,92100,92100,92100,92100,92100,92100,92100,92100,92100,92100,92100,92100,92100,92100,92100,92100,92100,92100,92100,92100,92100,92100,92100,92100,92100,92100,92100,92100,92100,92100,92100,92100,92100,92100,92100,92100,92100,92100,92100,92100,92100,92100,92100,92100,92100,92100,92100,92100,92200,92200,92200,92200,92200,92200,92200,92200,92200
Qatar,11600,11600,11600,11600,11600,11600,11600,11600,11600,11600,11600,11600,11600,11600,11600,11600,11600,11600,11600,11600,11600,11600,11600,11600,11600,11600,11600,11600,11600,11600,11600,11600,11600,11600,11600,11600,11600,11600,11600,11600,11600,11600,11600,11600,11600,11600,11600,11600,11600,11600,11600,11600,11600,11600,11600,11600,11600
Romania,238000,238000,238000,238000,238000,238000,238000,238000,238000,238000,238000,238000,238000,238000,238000,238000,238000,238000,238000,238000,238000,238000,238000,238000,238000,238000,238000,238000,238000,238000,238000,238000,238000,238000,238000,238000,238000,238000,238000,238000,238000,238000,238000,238000,238000,238000,238000,238000,238000,238000,238000,238000,238000,238000,238000,238000,238000
Russia,17100000,17100000,17100000,17100000,17100000,17100000,17100000,17100000,17100000,17100000,17100000,17100000,17100000,17100000,17100000,17100000,17100000,17100000,17100000,17100000,17100000,17100000,17100000,17100000,17100000,17100000,17100000,17100000,17100000,17100000,17100000,17100000,17100000,17100000,17100000,17100000,17100000,17100000,17100000,17100000,17100000,17100000,17100000,17100000,17100000,17100000,17100000,17100000,17100000,17100000,17100000,17100000,17100000,17100000,17100000,17100000,17100000
Rwanda,26300,26300,26300,26300,26300,26300,26300,26300,26300,26300,26300,26300,26300,26300,26300,26300,26300,26300,26300,26300,26300,26300,26300,26300,26300,26300,26300,26300,26300,26300,26300,26300,26300,26300,26300,26300,26300,26300,26300,26300,26300,26300,26300,26300,26300,26300,26300,26300,26300,26300,26300,26300,26300,26300,26300,26300,26300
Samoa,2840,2840,2840,2840,2840,2840,2840,2840,2840,2840,2840,2840,2840,2840,2840,2840,2840,2840,2840,2840,2840,2840,2840,2840,2840,2840,2840,2840,2840,2840,2840,2840,2840,2840,2840,2840,2840,2840,2840,2840,2840,2840,2840,2840,2840,2840,2840,2840,2840,2840,2840,2840,2840,2840,2840,2840,2840
San Marino,60,60,60,60,60,60,60,60,60,60,60,60,60,60,60,60,60,60,60,60,60,60,60,60,60,60,60,60,60,60,60,60,60,60,60,60,60,60,60,60,60,60,60,60,60,60,60,60,60,60,60,60,60,60,60,60,60
Sao Tome and Principe,960,960,960,960,960,960,960,960,960,960,960,960,960,960,960,960,960,960,960,960,960,960,960,960,960,960,960,960,960,960,960,960,960,960,960,960,960,960,960,960,960,960,960,960,960,960,960,960,960,960,960,960,960,960,960,960,960
Saudi Arabia,2150000,2150000,2150000,2150000,2150000,2150000,2150000,2150000,2150000,2150000,2150000,2150000,2150000,2150000,2150000,2150000,2150000,2150000,2150000,2150000,2150000,2150000,2150000,2150000,2150000,2150000,2150000,2150000,2150000,2150000,2150000,2150000,2150000,2150000,2150000,2150000,2150000,2150000,2150000,2150000,2150000,2150000,2150000,2150000,2150000,2150000,2150000,2150000,2150000,2150000,2150000,2150000,2150000,2150000,2150000,2150000,2150000
Senegal,197000,197000,197000,197000,197000,197000,197000,197000,197000,197000,197000,197000,197000,197000,197000,197000,197000,197000,197000,197000,197000,197000,197000,197000,197000,197000,197000,197000,197000,197000,197000,197000,197000,197000,197000,197000,197000,197000,197000,197000,197000,197000,197000,197000,197000,197000,197000,197000,197000,197000,197000,197000,197000,197000,197000,197000,197000
Serbia,88400,88400,88400,88400,88400,88400,88400,88400,88400,88400,88400,88400,88400,88400,88400,88400,88400,88400,88400,88400,88400,88400,88400,88400,88400,88400,88400,88400,88400,88400,88400,88400,88400,88400,88400,88400,88400,88400,88400,88400,88400,88400,88400,88400,88400,88400,88400,88400,88400,88400,88400,88400,88400,88400,88400,88400,88400
Seychelles,460,460,460,460,460,460,460,460,460,460,460,460,460,460,460,460,460,460,460,460,460,460,460,460,460,460,460,460,460,460,460,460,460,460,460,460,460,460,460,460,460,460,460,460,460,460,460,460,460,460,460,460,460,460,460,460,460
Sierra Leone,72300,72300,72300,72300,72300,72300,72300,72300,72300,72300,72300,72300,72300,72300,72300,72300,72300,72300,72300,72300,72300,72300,72300,72300,72300,72300,72300,72300,72300,72300,72300,72300,72300,72300,72300,72300,72300,72300,72300,72300,72300,72300,72300,72300,72300,72300,72300,72300,72300,72300,72300,72300,72300,72300,72300,72300,72300
Singapore,680,680,680,680,680,680,680,680,680,680,680,680,680,680,680,680,680,680,680,680,680,680,680,680,680,680,680,680,680,680,680,680,680,680,680,680,680,680,680,680,680,685,697,699,699,704,705,710,710,712,714,716,717,719,719,719,719
Slovak Republic,49000,49000,49000,49000,49000,49000,49000,49000,49000,49000,49000,49000,49000,49000,49000,49000,49000,49000,49000,49000,49000,49000,49000,49000,49000,49000,49000,49000,49000,49000,49000,49000,49000,49000,49000,49000,49000,49000,49000,49000,49000,49000,49000,49000,49000,49000,49000,49000,49000,49000,49000,49000,49000,49000,49000,49000,49000
Slovenia,20300,20300,20300,20300,20300,20300,20300,20300,20300,20300,20300,20300,20300,20300,20300,20300,20300,20300,20300,20300,20300,20300,20300,20300,20300,20300,20300,20300,20300,20300,20300,20300,20300,20300,20300,20300,20300,20300,20300,20300,20300,20300,20300,20300,20300,20300,20300,20300,20300,20300,20300,20300,20300,20300,20300,20300,20300
Solomon Islands,28900,28900,28900,28900,28900,28900,28900,28900,28900,28900,28900,28900,28900,28900,28900,28900,28900,28900,28900,28900,28900,28900,28900,28900,28900,28900,28900,28900,28900,28900,28900,28900,28900,28900,28900,28900,28900,28900,28900,28900,28900,28900,28900,28900,28900,28900,28900,28900,28900,28900,28900,28900,28900,28900,28900,28900,28900
Somalia,638000,638000,638000,638000,638000,638000,638000,638000,638000,638000,638000,638000,638000,638000,638000,638000,638000,638000,638000,638000,638000,638000,638000,638000,638000,638000,638000,638000,638000,638000,638000,638000,638000,638000,638000,638000,638000,638000,638000,638000,638000,638000,638000,638000,638000,638000,638000,638000,638000,638000,638000,638000,638000,638000,638000,638000,638000
South Africa,1220000,1220000,1220000,1220000,1220000,1220000,1220000,1220000,1220000,1220000,1220000,1220000,1220000,1220000,1220000,1220000,1220000,1220000,1220000,1220000,1220000,1220000,1220000,1220000,1220000,1220000,1220000,1220000,1220000,1220000,1220000,1220000,1220000,1220000,1220000,1220000,1220000,1220000,1220000,1220000,1220000,1220000,1220000,1220000,1220000,1220000,1220000,1220000,1220000,1220000,1220000,1220000,1220000,1220000,1220000,1220000,1220000
South Korea,99300,99300,99300,99300,99300,99300,99300,99300,99300,99300,99300,99300,99300,99300,99300,99300,99300,99300,99300,99300,99300,99300,99300,99300,99300,99300,99300,99300,99300,99300,99300,99300,99300,99300,99300,99300,99300,99300,99300,99300,99500,99600,99600,99600,99700,99700,99700,99800,99900,100000,100000,100000,100000,100000,100000,100000,100000
South Sudan,0,0,0,0,0,0,0,0,0,0,0,0,0,0,0,0,0,0,0,0,0,0,0,0,0,0,0,0,0,0,0,0,0,0,0,0,0,0,0,0,0,0,0,0,0,0,0,0,0,0,644000,644000,644000,644000,644000,644000,644000
Spain,506000,506000,506000,506000,506000,506000,506000,506000,506000,506000,506000,506000,506000,506000,506000,506000,506000,506000,506000,506000,506000,506000,506000,506000,506000,506000,506000,506000,506000,506000,506000,506000,506000,506000,506000,506000,506000,506000,506000,505000,505000,505000,505000,505000,505000,505000,505000,505000,505000,506000,506000,506000,506000,506000,506000,506000,506000
Sri Lanka,65600,65600,65600,65600,65600,65600,65600,65600,65600,65600,65600,65600,65600,65600,65600,65600,65600,65600,65600,65600,65600,65600,65600,65600,65600,65600,65600,65600,65600,65600,65600,65600,65600,65600,65600,65600,65600,65600,65600,65600,65600,65600,65600,65600,65600,65600,65600,65600,65600,65600,65600,65600,65600,65600,65600,65600,65600
St. Kitts and Nevis,350,350,350,350,350,350,350,350,350,350,350,350,350,350,350,350,350,350,350,260,260,260,260,260,260,260,260,260,260,260,260,260,260,260,260,260,260,260,260,260,260,260,260,260,260,260,260,260,260,260,260,260,260,260,260,260,260
St. Lucia,620,620,620,620,620,620,620,620,620,620,620,620,620,620,620,620,620,620,620,620,620,620,620,620,620,620,620,620,620,620,620,620,620,620,620,620,620,620,620,620,620,620,620,620,620,620,620,620,620,620,620,620,620,620,620,620,620
St. Vincent and the Grenadines,390,390,390,390,390,390,390,390,390,390,390,390,390,390,390,390,390,390,390,390,390,390,390,390,390,390,390,390,390,390,390,390,390,390,390,390,390,390,390,390,390,390,390,390,390,390,390,390,390,390,390,390,390,390,390,390,390
Sudan,2510000,2510000,2510000,2510000,2510000,2510000,2510000,2510000,2510000,2510000,2510000,2510000,2510000,2510000,2510000,2510000,2510000,2510000,2510000,2510000,2510000,2510000,2510000,2510000,2510000,2510000,2510000,2510000,2510000,2510000,2510000,2510000,2510000,2510000,2510000,2510000,2510000,2510000,2510000,2510000,2510000,2510000,2510000,2510000,2510000,2510000,2510000,2510000,2510000,2510000,1880000,1880000,1880000,1880000,1880000,1880000,1880000
Suriname,164000,164000,164000,164000,164000,164000,164000,164000,164000,164000,164000,164000,164000,164000,164000,164000,164000,164000,164000,164000,164000,164000,164000,164000,164000,164000,164000,164000,164000,164000,164000,164000,164000,164000,164000,164000,164000,164000,164000,164000,164000,164000,164000,164000,164000,164000,164000,164000,164000,164000,164000,164000,164000,164000,164000,164000,164000
Swaziland,17400,17400,17400,17400,17400,17400,17400,17400,17400,17400,17400,17400,17400,17400,17400,17400,17400,17400,17400,17400,17400,17400,17400,17400,17400,17400,17400,17400,17400,17400,17400,17400,17400,17400,17400,17400,17400,17400,17400,17400,17400,17400,17400,17400,17400,17400,17400,17400,17400,17400,17400,17400,17400,17400,17400,17400,17400
Sweden,450000,450000,450000,450000,450000,450000,450000,450000,450000,450000,450000,450000,450000,450000,450000,450000,450000,450000,450000,450000,450000,450000,450000,450000,450000,450000,450000,450000,450000,450000,450000,450000,450000,450000,450000,450000,450000,450000,450000,450000,450000,450000,450000,450000,450000,450000,450000,450000,450000,450000,450000,447000,447000,447000,447000,447000,447000
Switzerland,41300,41300,41300,41300,41300,41300,41300,41300,41300,41300,41300,41300,41300,41300,41300,41300,41300,41300,41300,41300,41300,41300,41300,41300,41300,41300,41300,41300,41300,41300,41300,41300,41300,41300,41300,41300,41300,41300,41300,41300,41300,41300,41300,41300,41300,41300,41300,41300,41300,41300,41300,41300,41300,41300,41300,41300,41300
Syria,185000,185000,185000,185000,185000,185000,185000,185000,185000,185000,185000,185000,185000,185000,185000,185000,185000,185000,185000,185000,185000,185000,185000,185000,185000,185000,185000,185000,185000,185000,185000,185000,185000,185000,185000,185000,185000,185000,185000,185000,185000,185000,185000,185000,185000,185000,185000,185000,185000,185000,185000,185000,185000,185000,185000,185000,185000
Tajikistan,143000,143000,143000,143000,143000,143000,143000,143000,143000,143000,143000,143000,143000,143000,143000,143000,143000,143000,143000,143000,143000,143000,143000,143000,143000,143000,143000,143000,143000,143000,143000,143000,143000,143000,143000,143000,143000,143000,143000,143000,143000,143000,143000,143000,143000,143000,143000,143000,143000,143000,143000,143000,143000,141000,141000,141000,141000
Tanzania,947000,947000,947000,947000,947000,947000,947000,947000,947000,947000,947000,947000,947000,947000,947000,947000,947000,947000,947000,947000,947000,947000,947000,947000,947000,947000,947000,947000,947000,947000,947000,947000,947000,947000,947000,947000,947000,947000,947000,947000,947000,947000,947000,947000,947000,947000,947000,947000,947000,947000,947000,947000,947000,947000,947000,947000,947000
Thailand,513000,513000,513000,513000,513000,513000,513000,513000,513000,513000,513000,513000,513000,513000,513000,513000,513000,513000,513000,513000,513000,513000,513000,513000,513000,513000,513000,513000,513000,513000,513000,513000,513000,513000,513000,513000,513000,513000,513000,513000,513000,513000,513000,513000,513000,513000,513000,513000,513000,513000,513000,513000,513000,513000,513000,513000,513000
Timor-Leste,14900,14900,14900,14900,14900,14900,14900,14900,14900,14900,14900,14900,14900,14900,14900,14900,14900,14900,14900,14900,14900,14900,14900,14900,14900,14900,14900,14900,14900,14900,14900,14900,14900,14900,14900,14900,14900,14900,14900,14900,14900,14900,14900,14900,14900,14900,14900,14900,14900,14900,14900,14900,14900,14900,14900,14900,14900
Togo,56800,56800,56800,56800,56800,56800,56800,56800,56800,56800,56800,56800,56800,56800,56800,56800,56800,56800,56800,56800,56800,56800,56800,56800,56800,56800,56800,56800,56800,56800,56800,56800,56800,56800,56800,56800,56800,56800,56800,56800,56800,56800,56800,56800,56800,56800,56800,56800,56800,56800,56800,56800,56800,56800,56800,56800,56800
Tonga,750,750,750,750,750,750,750,750,750,750,750,750,750,750,750,750,750,750,750,750,750,750,750,750,750,750,750,750,750,750,750,750,750,750,750,750,750,750,750,750,750,750,750,750,750,750,750,750,750,750,750,750,750,750,750,750,750
Trinidad and Tobago,5130,5130,5130,5130,5130,5130,5130,5130,5130,5130,5130,5130,5130,5130,5130,5130,5130,5130,5130,5130,5130,5130,5130,5130,5130,5130,5130,5130,5130,5130,5130,5130,5130,5130,5130,5130,5130,5130,5130,5130,5130,5130,5130,5130,5130,5130,5130,5130,5130,5130,5130,5130,5130,5130,5130,5130,5130
Tunisia,164000,164000,164000,164000,164000,164000,164000,164000,164000,164000,164000,164000,164000,164000,164000,164000,164000,164000,164000,164000,164000,164000,164000,164000,164000,164000,164000,164000,164000,164000,164000,164000,164000,164000,164000,164000,164000,164000,164000,164000,164000,164000,164000,164000,164000,164000,164000,164000,164000,164000,164000,164000,164000,164000,164000,164000,164000
Turkey,785000,785000,785000,785000,785000,785000,785000,785000,785000,785000,785000,785000,785000,785000,785000,785000,785000,785000,785000,785000,785000,785000,785000,785000,785000,785000,785000,785000,785000,785000,785000,785000,785000,785000,785000,785000,785000,785000,785000,785000,785000,785000,785000,785000,785000,785000,785000,785000,785000,785000,785000,785000,785000,785000,785000,785000,785000
Turkmenistan,488000,488000,488000,488000,488000,488000,488000,488000,488000,488000,488000,488000,488000,488000,488000,488000,488000,488000,488000,488000,488000,488000,488000,488000,488000,488000,488000,488000,488000,488000,488000,488000,488000,488000,488000,488000,488000,488000,488000,488000,488000,488000,488000,488000,488000,488000,488000,488000,488000,488000,488000,488000,488000,488000,488000,488000,488000
Tuvalu,30,30,30,30,30,30,30,30,30,30,30,30,30,30,30,30,30,30,30,30,30,30,30,30,30,30,30,30,30,30,30,30,30,30,30,30,30,30,30,30,30,30,30,30,30,30,30,30,30,30,30,30,30,30,30,30,30
Uganda,242000,242000,242000,242000,242000,242000,242000,242000,242000,242000,242000,242000,242000,242000,242000,242000,242000,242000,242000,242000,242000,242000,242000,242000,242000,242000,242000,242000,242000,242000,242000,242000,242000,242000,242000,242000,242000,242000,242000,242000,242000,242000,242000,242000,242000,242000,242000,242000,242000,242000,242000,242000,242000,242000,242000,242000,242000
Ukraine,604000,604000,604000,604000,604000,604000,604000,604000,604000,604000,604000,604000,604000,604000,604000,604000,604000,604000,604000,604000,604000,604000,604000,604000,604000,604000,604000,604000,604000,604000,604000,604000,604000,604000,604000,604000,604000,604000,604000,604000,604000,604000,604000,604000,604000,604000,604000,604000,604000,604000,604000,604000,604000,604000,604000,604000,604000
United Arab Emirates,83600,83600,83600,83600,83600,83600,83600,83600,83600,83600,83600,83600,83600,83600,83600,83600,83600,83600,83600,83600,83600,83600,83600,83600,83600,83600,83600,83600,83600,83600,83600,83600,83600,83600,83600,83600,83600,83600,83600,83600,83600,83600,83600,83600,83600,83600,83600,83600,83600,83600,83600,83600,83600,83600,83600,83600,83600
United Kingdom,244000,244000,244000,244000,244000,244000,244000,244000,244000,244000,244000,244000,244000,244000,244000,244000,244000,244000,244000,244000,244000,244000,244000,244000,244000,244000,244000,244000,244000,244000,244000,244000,244000,244000,244000,244000,244000,244000,244000,244000,244000,244000,244000,244000,244000,244000,244000,244000,244000,244000,244000,244000,244000,244000,244000,244000,244000
United States,9630000,9630000,9630000,9630000,9630000,9630000,9630000,9630000,9630000,9630000,9630000,9630000,9630000,9630000,9630000,9630000,9630000,9630000,9630000,9630000,9630000,9630000,9630000,9630000,9630000,9630000,9630000,9630000,9630000,9630000,9630000,9630000,9630000,9630000,9630000,9630000,9630000,9630000,9630000,9630000,9630000,9630000,9630000,9630000,9630000,9630000,9630000,9830000,9830000,9830000,9830000,9830000,9830000,9830000,9830000,9830000,9830000
Uruguay,176000,176000,176000,176000,176000,176000,176000,176000,176000,176000,176000,176000,176000,176000,176000,176000,176000,176000,176000,176000,176000,176000,176000,176000,176000,176000,176000,176000,176000,176000,176000,176000,176000,176000,176000,176000,176000,176000,176000,176000,176000,176000,176000,176000,176000,176000,176000,176000,176000,176000,176000,176000,176000,176000,176000,176000,176000
Uzbekistan,447000,447000,447000,447000,447000,447000,447000,447000,447000,447000,447000,447000,447000,447000,447000,447000,447000,447000,447000,447000,447000,447000,447000,447000,447000,447000,447000,447000,447000,447000,447000,447000,447000,447000,447000,447000,447000,447000,447000,447000,447000,447000,447000,447000,447000,447000,447000,447000,447000,447000,447000,447000,447000,447000,447000,447000,447000
Vanuatu,12200,12200,12200,12200,12200,12200,12200,12200,12200,12200,12200,12200,12200,12200,12200,12200,12200,12200,12200,12200,12200,12200,12200,12200,12200,12200,12200,12200,12200,12200,12200,12200,12200,12200,12200,12200,12200,12200,12200,12200,12200,12200,12200,12200,12200,12200,12200,12200,12200,12200,12200,12200,12200,12200,12200,12200,12200
Venezuela,912000,912000,912000,912000,912000,912000,912000,912000,912000,912000,912000,912000,912000,912000,912000,912000,912000,912000,912000,912000,912000,912000,912000,912000,912000,912000,912000,912000,912000,912000,912000,912000,912000,912000,912000,912000,912000,912000,912000,912000,912000,912000,912000,912000,912000,912000,912000,912000,912000,912000,912000,912000,912000,912000,912000,912000,912000
Vietnam,332000,332000,332000,332000,332000,332000,332000,332000,332000,332000,332000,332000,332000,332000,332000,332000,330000,330000,332000,332000,332000,332000,332000,332000,332000,332000,330000,330000,330000,331000,331000,331000,331000,331000,331000,331000,331000,331000,331000,329000,329000,329000,329000,329000,331000,331000,331000,331000,331000,331000,331000,331000,331000,331000,331000,331000,331000
Yemen,528000,528000,528000,528000,528000,528000,528000,528000,528000,528000,528000,528000,528000,528000,528000,528000,528000,528000,528000,528000,528000,528000,528000,528000,528000,528000,528000,528000,528000,528000,528000,528000,528000,528000,528000,528000,528000,528000,528000,528000,528000,528000,528000,528000,528000,528000,528000,528000,528000,528000,528000,528000,528000,528000,528000,528000,528000
Zambia,753000,753000,753000,753000,753000,753000,753000,753000,753000,753000,753000,753000,753000,753000,753000,753000,753000,753000,753000,753000,753000,753000,753000,753000,753000,753000,753000,753000,753000,753000,753000,753000,753000,753000,753000,753000,753000,753000,753000,753000,753000,753000,753000,753000,753000,753000,753000,753000,753000,753000,753000,753000,753000,753000,753000,753000,753000
Zimbabwe,391000,391000,391000,391000,391000,391000,391000,391000,391000,391000,391000,391000,391000,391000,391000,391000,391000,391000,391000,391000,391000,391000,391000,391000,391000,391000,391000,391000,391000,391000,391000,391000,391000,391000,391000,391000,391000,391000,391000,391000,391000,391000,391000,391000,391000,391000,391000,391000,391000,391000,391000,391000,391000,391000,391000,391000,391000
