geo,1962,1963,1964,1965,1966,1967,1968,1969,1970,1971,1972,1973,1974,1975,1976,1977,1978,1979,1980,1981,1982,1983,1984,1985,1986,1987,1988,1989,1990,1991,1992,1993,1994,1995,1996,1997,1998,1999,2000,2001,2002,2003,2004,2005,2006,2007,2008,2009,2010,2011,2012,2013,2014,2015,2016
Afghanistan,0,0,0,0,0,0,0,0,0,0,0,0,0,10.7,0,0,0,0,0,0,0,0,0,0,0,26.1,0,0,0,0,0,0,0,0,0,0,0,0,20.3,0,0,0,0,0,0,0,0,0,0,0,0,0,0,0,
Albania,0,0,0,0,0,0,0,0,0,0,0,0,0,0,0,0,0,0,0,0,0,0,0,0,0,0,0,0,1.2,0,0,0,0,0,0,0,0,0,1.84,0,0,0,0,0,1.31,0,0,0,0,0,0,0,0,0,
Algeria,0,0,0,0,0,0,0,0,2,0,0,0,0,2.5,0,0,0,0,3,0,0,0,0,3.5,0,0,0,0,4.5,0,0,0,0,0,0,0,0,0,0,5.72,0,0,0,0,0,0,0,0,0,0,8.43,0,0,0,
Angola,0,0,0,0,0,0,0,0,0,0,0,0,0,0,0,0,0,0,0,0,0,0,0,0,0,0.48,0,0,0,0,0,0,0,0,0,0,0,0,0.64,0,0,0,0,0.706,0,0,0,0,0,0,0,0,0,0,
Antigua and Barbuda,0,0,0,0,0,0,0,0,0,0,0,0,0,0,0,0,0,0,0,0,0,0,0,0,0,0,0,0,0.005,0,0,0,0,0,0,0,0,0,0,0,0,0,0,0.0084,0,0,0,0,0,0,0.0115,0,0,0,
Argentina,0,0,0,0,0,0,0,0,0,0,0,0,0,0,27.6,0,0,0,0,0,0,0,0,0,0,0,0,0,0,0,0,0,0,28.6,0,0,0,0,0,0,0,0,0,0,0,0,0,0,0,37.8,0,0,0,0,
Armenia,0,0,0,0,0,0,0,0,0,0,0,0,0,0,0,0,0,0,0,0,0,0,0,0,0,0,0,0,0,0,0,0,0,2.92,0,0,0,0,0,0,1.73,0,0,0,0,2.86,0,0,0,0,2.94,0,0,3.27,
Australia,0,0,0,0,0,0,0,0,0,0,0,0,0,0,0,0,0,0,0,0,0,0,0,0,0,0,0,0,0,0,0,0,0,0,22.2,0,0,0,0,21.7,0,0,0,18.8,0,0,0,0,0,0,16,0,0,17.4,
Austria,0,0,0,0,0,0,0,0,0,0,0,0,0,0,0,0,0,0,3.34,0,0,0,0,3.58,0,0,0,0,3.81,0,0,0,0,0,0,3.64,0,0,0,0,3.67,0,0,0,0,0,0,0,3.49,0,0,0,0,0,
Azerbaijan,0,0,0,0,0,0,0,0,0,0,0,0,0,0,0,0,0,0,0,0,0,0,0,0,0,0,0,0,0,0,0,0,0,0,0,12.5,0,0,0,0,10.1,0,0,12.2,0,0,0,0,0,0,12,0,0,0,
Bahrain,0,0,0,0,0,0,0,0,0,0,0,0,0,0,0,0,0,0,0,0,0,0,0,0,0,0,0,0,0.239,0,0,0,0,0,0,0,0,0,0,0,0,0.357,0,0,0,0,0,0,0,0,0,0,0,0,
Bangladesh,0,0,0,0,0,0,0,0,0,0,0,0,0,0,0,0,0,0,0,0,0,0,0,0,0,0,0,0,0,0,0,0,0,0,0,0,0,0,0,0,0,0,0,0,0,0,35.9,0,0,0,0,0,0,0,
Barbados,0.03,0,0,0,0,0,0,0,0,0,0,0,0,0,0,0,0,0,0,0,0,0,0,0,0,0,0,0,0,0,0,0,0,0,0.081,0,0,0,0,0,0,0,0,0.081,0,0,0,0,0,0,0,0,0,0,
Belarus,0,0,0,0,0,0,0,0,0,0,0,0,0,0,0,0,0,0,0,0,0,0,0,0,0,0,0,0,0,0,0,0,0,1.98,0,0,0,0,1.84,0,0,0,0,1.71,0,0,0,0,1.55,0,0,1.51,0,0,
Belgium,0,0,0,0,0,0,0,0,0,0,0,0,0,0,0,0,0,0,9.03,0,0,0,0,0,0,0,0,0,0,0,0,0,0,0,0,7.69,0,0,0,0,6.74,0,0,0,0,6.22,0,6,0,0,0,0,0,0,
Belize,0,0,0,0,0,0,0,0,0,0,0,0,0,0,0,0,0,0,0,0,0,0,0,0,0,0.02,0,0,0,0,0,0,0,0,0,0,0,0,0.101,0,0,0,0,0,0,0,0,0,0,0,0,0,0,0,
Benin,0,0,0,0,0,0,0,0,0,0,0,0,0,0,0,0,0,0,0,0,0,0,0,0.11,0,0,0,0,0,0,0,0,0,0,0,0,0,0,0,0.13,0,0,0,0,0,0,0,0,0,0,0,0,0,0,
Bhutan,0,0,0,0,0,0,0,0,0,0,0,0,0,0,0,0,0,0,0,0,0,0,0,0,0,0,0,0,0,0,0,0,0,0,0,0,0,0,0,0,0,0,0,0,0,0,0.338,0,0,0,0,0,0,0,
Bolivia,0,0,0,0,0,0,0,0,0,0,0,0,0,0,0,0,0,0,0,0,0,0,0,0,0,1.24,0,0,0,0,0,0,0,0,0,0,0,0,0,0,0,0,0,0,0,0,0,2.09,0,0,0,0,0,0,
Bosnia and Herzegovina,0,0,0,0,0,0,0,0,0,0,0,0,0,0,0,0,0,0,0,0,0,0,0,0,0,0,0,0,0,0,0,0,0,0,0,0,0,0,0,0,0,0,0,0.334,0,0,0,0,0,0,0.329,0.328,0,0,
Botswana,0,0,0,0,0,0,0,0,0,0,0,0,0,0,0,0,0,0,0,0,0,0,0,0.09,0,0,0,0,0,0,0.113,0,0,0.143,0,0,0,0,0.194,0,0,0,0,0,0,0,0,0,0,0,0,0,0,0,
Brazil,0,0,0,0,0,0,0,0,0,0,0,0,0,0,0,0,0,0,0,0,0,0,0,0,0,35,0,0,0,0,0,0,0,0,54.9,0,0,0,0,0,0,0,0,0,58.1,0,0,0,74.8,0,0,0,0,0,
Brunei,0,0,0,0,0,0,0,0,0,0,0,0,0,0,0,0,0,0,0,0,0,0,0,0,0,0,0,0,0,0.076,0,0,0.092,0,0,0,0,0,0,0,0,0,0,0,0,0,0,0,0,0,0,0,0,0,
Bulgaria,0,0,0,0,0,0,0,0,0,0,0,0,0,0,0,0,0,0,14.2,0,0,0,0,14.1,0,0,0,0,7.49,0,0,0,0,0,0,0,0,0,0,0,6.59,0,0,0,0,6.2,0,0,0,0,5.71,0,0,5.63,
Burkina Faso,0,0,0,0,0,0,0,0,0,0,0,0,0,0,0,0,0,0,0,0,0,0,0,0.29,0,0,0,0,0,0,0.376,0,0,0,0,0,0,0,0,0.716,0,0,0,0.818,0,0,0,0,0,0,0,0,0,0,
Burundi,0,0,0,0,0,0,0,0,0,0,0,0,0,0,0,0,0,0,0,0,0,0,0,0,0,0.1,0,0,0,0,0,0,0,0,0,0,0,0,0.288,0,0,0,0,0,0,0,0,0,0,0,0,0,0,0,
Cambodia,0,0,0,0,0,0,0,0,0,0,0,0,0,0,0,0,0,0,0,0,0,0,0,0,0,0,0,0,0,0,0,0,0,0,0,0,0,0,0,0,0,0,0,0,2.18,0,0,0,0,0,0,0,0,0,
Cameroon,0,0,0,0,0,0,0,0,0,0,0,0,0,0,0,0,0,0,0,0,0,0,0,0,0,0.396,0,0,0,0,0.4,0,0,0,0,0,0,0,0.966,0,0,0,0,0,0,0,0,0,0,0,0,0,0,0,
Canada,0,0,0,0,0,0,0,0,0,0,0,0,0,0,0,0,0,0,0,0,0,0,0,0,42.2,0,0,0,0,45.1,0,0,0,0,42.2,0,0,0,0,0,0,0,0,0,0,41.3,0,38.8,0,0,0,0,0,0,
Cape Verde,0,0,0,0,0,0,0,0,0,0,0,0,0,0,0,0,0,0,0,0,0,0,0,0,0,0,0,0,0,0,0,0,0,0,0,0,0,0,0,0.022,0,0,0,0,0,0,0,0,0,0,0,0,0,0,
Central African Republic,0,0,0,0,0,0,0,0,0,0,0,0,0,0,0,0,0,0,0,0,0,0,0,0,0,0.0194,0,0,0,0,0,0,0,0,0,0,0,0,0.0662,0,0,0,0,0.0725,0,0,0,0,0,0,0,0,0,0,
Chad,0,0,0,0,0,0,0,0,0,0,0,0,0,0,0,0,0,0,0,0,0,0,0,0,0,0.181,0,0,0,0,0,0,0,0,0,0,0,0,0,0,0.849,0,0,0.88,0,0,0,0,0,0,0,0,0,0,
Chile,0,0,0,0,0,0,0,0,0,0,0,0,0,0,0,0,0,0,0,0,0,0,0,0,0,0,0,0,0,0,20.3,0,0,0,0,0,0,0,0,0,0,0,0,0,35.4,0,0,0,0,0,0,0,0,0,
China,0,0,0,0,0,0,0,0,0,0,0,0,0,0,0,0,0,0,444,0,0,0,0,481,0,0,0,0,500,0,0,525,0,0,0,0,0,0,550,0,0,0,0,0,0,571,0,0,0,0,603,0,0,598,
Colombia,0,0,0,0,0,0,0,0,0,0,0,0,0,0,0,0,0,0,0,0,0,0,0,0,0,0,0,0,0,0,0,0,0,0,0,0,0,0,7.75,0,0,0,0,0,0,0,11.8,0,0,0,0,0,0,0,
Comoros,0,0,0,0,0,0,0,0,0,0,0,0,0,0,0,0,0,0,0,0,0,0,0,0,0,0,0,0,0,0,0,0,0,0,0,0,0,0.01,0,0,0,0,0,0,0,0,0,0,0,0,0,0,0,0,
"Congo, Dem. Rep.",0,0,0,0,0,0,0,0,0,0,0,0,0,0,0,0,0,0,0,0,0,0,0,0,0,0,0,0,0,0,0,0,0,0,0,0,0,0,0.584,0,0,0,0,0.684,0,0,0,0,0,0,0,0,0,0,
"Congo, Rep.",0,0,0,0,0,0,0,0,0,0,0,0,0,0,0,0,0,0,0,0,0,0,0,0,0,0.04,0,0,0,0,0,0,0,0,0,0,0,0,0,0,0.046,0,0,0,0,0,0,0,0,0,0,0,0,0,
Costa Rica,0,0,0,0,0,0,0,0,0,0,0,0,0,0,0,0,0,0,0,0,0,0,0,0,0,0,0,0,0,0,0,0,0,0,0,0,0,0,0,0,0,0,0,0,0,0,0,0,0,0,0,2.35,0,0,
Cote d'Ivoire,0,0,0,0,0,0,0,0,0,0,0,0,0,0,0,0,0,0,0,0,0,0,0,0,0,0.709,0,0,1.1,0,0,0,1.23,0,0,0,0,0,1.41,0,0,0,0,1.55,0,0,0,0,0,0,0,0,0,0,
Croatia,0,0,0,0,0,0,0,0,0,0,0,0,0,0,0,0,0,0,0,0,0,0,0,0,0,0,0,0,0,0,0,0,0,0,0,0,0,0,0,0,0,0,0,0,0,0,0,0,0,0,0.669,0.634,0,0,
Cuba,0,0,0,0,0,0,0,0,0,0,0,0,0,0,0,0,0,0,0,0,0,0,0,0,0,0,0,0,0,0,0,0,0,5.21,0,0,0,0,0,0,0,0,0,0,0,4.94,0,0,0,0,0,6.96,0,0,
Cyprus,0,0,0,0,0,0,0,0,0,0,0,0,0,0.155,0,0,0,0,0.177,0,0,0,0,0.2,0,0,0,0,0.226,0,0,0.211,0,0,0,0,0,0,0,0,0.21,0,0,0,0,0.217,0,0,0,0,0.256,0.255,0,0,
Czech Republic,0,0,0,0,0,0,0,0,0,0,0,0,0,0,0,0,0,0,0,0,0,0,0,0,0,0,0,0,0,0,0,0,0,0,0,2.49,0,0,0,0,1.91,0,0,0,0,1.97,0,0,0,0,1.84,1.65,0,0,
Denmark,0,0,0,0,0,0,0,0,0.72,0,0,0,0,1.21,0,0,0,0,1.21,0,0,0,0,1.71,0,0,0,0,1.26,0,0,0,0,0,0,0.932,0,0,0,0,0.668,0,0,0,0,0.571,0,0,0,0,0.652,0,0,0,
Djibouti,0,0,0,0,0,0,0,0,0,0,0,0,0,0,0,0,0,0,0,0,0,0,0,0.008,0,0,0,0,0,0,0,0,0,0,0,0,0,0,0.019,0,0,0,0,0,0,0,0,0,0,0,0,0,0,0,
Dominica,0,0,0,0,0,0,0,0,0,0,0,0,0,0,0,0,0,0,0,0,0,0,0,0,0,0,0,0,0,0,0,0,0,0,0.0166,0,0,0,0.0166,0,0,0,0.0166,0,0,0,0,0,0.02,0,0,0,0,0,
Dominican Republic,0,0,0,0,0,0,0,0,0,0,0,0,0,0,0,0,0,0,0,0,0,0,0,0,0,0,0,0,0,0,0,0,0,0,0,0,0,0,4.87,0,0,0,0,5.47,0,0,0,0,7.16,0,0,0,0,0,
Ecuador,0,0,0,0,0,0,0,0,0,0,0,0,0,0,0,0,0,0,0,0,0,0,0,0,0,0,0,0,0,0,0,0,0,0,0,0,0,0,9.37,0,0,0,0,9.92,0,0,0,0,0,0,0,0,0,0,
Egypt,0,0,0,0,0,0,0,0,0,0,0,0,0,48.2,0,0,0,0,0,0,0,0,0,0,0,0,0,0,0,0,0,0,0,58.9,0,0,0,0,68.3,0,0,0,0,0,0,0,0,0,78,0,0,0,0,0,
El Salvador,0,0,0,0,0,0,0,0,0,0,0,0,0,0,0,0,0,0,0,0,0,0,0,0,0,0,0,0,0,0,0.729,0,0,0,0,0,0,0,1.38,0,0,0,0,2.12,0,0,0,0,0,0,0,0,0,0,
Equatorial Guinea,0,0,0,0,0,0,0,0,0,0,0,0,0,0,0,0,0,0,0,0,0,0,0,0,0,0.01,0,0,0,0,0,0,0,0,0,0,0,0,0.0174,0,0,0,0,0,0,0,0,0,0,0,0,0,0,0,
Eritrea,0,0,0,0,0,0,0,0,0,0,0,0,0,0,0,0,0,0,0,0,0,0,0,0,0,0,0,0,0,0,0,0,0,0,0,0,0,0,0.413,0,0,0,0.582,0,0,0,0,0,0,0,0,0,0,0,
Estonia,0,0,0,0,0,0,0,0,0,0,0,0,0,0,0,0,0,0,0,0,0,0,0,0,0,0,0,0,0,0,2.63,0,0,1.36,0,0,0,0,0,0,1.41,0,0,0,0,1.83,0,0,0,0,1.63,0,1.72,0,
Ethiopia,0,0,0,0,0,0,0,0,0,0,0,0,0,0,0,0,0,0,0,0,0,0,0,0,0,0,0,0,0,0,0,0,0,0,0,0,0,0,0,0,5.56,0,0,7.86,0,0,0,0,0,0,0,0,0,0,10.6
Fiji,0,0,0,0,0,0,0,0,0,0,0,0,0,0,0,0,0,0,0,0,0,0,0,0,0,0.03,0,0,0,0,0,0,0,0,0,0,0,0,0.0817,0,0,0,0,0.0849,0,0,0,0,0,0,0,0,0,0,
Finland,0,0,0,0,0,0,0,0,3.3,0,0,0,0,3.55,0,0,0,0,3.7,0,0,0,0,4,0,0,0,0,2.35,0,0,0,0,2.59,0,0,0,2.33,0,0,0,0,0,0,6.56,0,0,0,0,0,0,0,0,0,
France,0,0,0,0,0,0,0,0,0,0,0,0,0,0,0,0,0,0,31,0,0,0,0,34.9,0,0,0,0,0,0,39.2,0,0,0,0,30.3,0,0,0,0,32.4,0,0,0,0,31.4,0,0,0,0,30.2,0,0,0,
Gabon,0,0,0,0,0,0,0,0,0,0,0,0,0,0,0,0,0,0,0,0,0,0,0,0,0,0.06,0,0,0,0,0,0,0,0,0,0,0,0,0.12,0,0,0,0,0.139,0,0,0,0,0,0,0,0,0,0,
Gambia,0,0,0,0,0,0,0,0,0,0,0,0,0,0,0,0,0,0,0,0,0.02,0,0,0,0,0,0,0,0,0,0,0,0,0,0,0,0,0,0.0905,0,0,0,0,0,0,0,0,0,0,0,0,0,0,0,
Georgia,0,0,0,0,0,0,0,0,0,0,0,0,0,0,0,0,0,0,0,0,0,0,0,0,0,0,0,0,0,0,0,0,0,0,0,0,0,0,0,0,0,0,0,1.81,0,0,1.82,0,0,0,0,0,0,0,
Germany,0,0,0,0,0,0,0,0,0,0,0,0,0,0,0,0,0,0,0,0,0,0,0,0,0,0,0,0,0,46.3,0,0,0,45.2,0,0,0,0,0,39.1,0,0,0,0,0,32.3,0,0,33,0,0,0,0,0,
Ghana,0,0,0,0,0,0,0,0,0.3,0,0,0,0,0,0,0,0,0,0,0,0,0,0,0,0,0,0,0,0,0,0,0,0,0,0,0,0,0,0.982,0,0,0,0,0,0,0,0,0,0,0,0,0,0,0,
Greece,0,0,0,0,0,0,0,0,4.25,0,0,0,0,4.28,0,0,0,0,5.04,0,0,0,0,5.5,0,0,0,0,0,0,8.04,0,0,0,0,8.7,0,0,0,0,9.26,0,0,0,0,9.63,0,0,0,0,0,0,0,0,
Grenada,0,0,0,0,0,0,0,0,0,0,0,0,0,0,0,0,0,0,0,0,0,0,0,0,0,0,0,0,0,0,0,0,0,0,0,0,0,0,0,0,0,0,0,0.01,0,0,0,0,0,0,0,0,0.0141,0,
Guatemala,0,0,0,0,0,0,0,0,0,0,0,0,0,0,0,0,0,0,0,0,0,0,0,0,0,0,0,0,0,0,0,0,0,0,0,0,0,0,0,0,0,0,0,0,3.32,0,0,0,0,0,0,0,0,0,
Guinea,0,0,0,0,0,0,0,0,0,0,0,0,0,0,0,0,0,0,0,0,0,0,0,0,0,0.74,0,0,0,0,0,0,0,0,0,0,0,0,0,0.553,0,0,0,0,0,0,0,0,0,0,0,0,0,0,
Guinea-Bissau,0,0,0,0,0,0,0,0,0,0,0,0,0,0,0,0,0,0,0,0,0,0,0,0,0,0,0,0,0,0.0166,0,0,0,0,0.175,0,0,0,0.175,0,0,0,0,0,0,0,0,0,0,0,0,0,0,0,
Guyana,0,0,0,0,0,0,0,0,0,0,0,0,0,0,0,0,0,0,0,0,0,0,0,0,0,0,0,0,0,0,1.46,0,0,0,0,0,0,0,1.64,0,0,0,0,0,0,0,0,0,1.45,0,0,0,0,0,
Haiti,0,0,0,0,0,0,0,0,0,0,0,0,0,0,0,0,0,0,0,0,0,0,0,0,0,0,0,0,0,0.98,0,0,0,1.28,0,0,0,0,0,0,0,0,0,0,0,0,0,1.45,0,0,0,0,0,0,
Honduras,0,0,0,0,0,0,0,0,0,0,0,0,0,0,0,0,0,0,0,0,0,0,0,0,0,0,0,0,0,0,0,0,0,0,0,0,0,0,0,0,0,1.61,0,0,0,0,0,0,0,0,0,0,0,0,
Hungary,0,0,0,0,0,0,0,0,2.98,0,0,0,0,3.96,0,0,0,0,4.8,0,0,0,0,6.35,0,0,0,0,0,0,7.14,0,0,0,6.01,0,0,0,0,0,5.72,0,0,0,0,5.58,0,0,0,0,5.05,0,0,0,
Iceland,0,0,0,0,0,0,0,0,0,0,0,0,0,0,0,0,0,0,0.108,0,0,0,0,0.112,0,0,0,0,0,0,0.167,0,0,0,0,0,0,0,0,0,0.165,0,0.165,0,0,0,0,0,0,0,3.57,0,0,0.278,
India,0,0,0,0,0,0,0,0,0,0,0,0,0,380,0,0,0,0,438,0,0,0,0,0,497,0,0,0,500,0,0,0,0,0,0,0,0,0,610,0,0,0,0,0,0,0,0,0,761,0,0,0,0,0,
Indonesia,0,0,0,0,0,0,0,0,0,0,0,0,0,0,0,0,0,0,0,0,0,0,0,0,0,0,0,0,74.3,0,0,0,0,0,0,0,0,0,113,0,0,0,0,0,0,0,0,0,0,0,0,0,0,0,
Iran,0,0,0,0,0,0,0,0,0,0,0,0,0,45,0,0,0,0,0,0,0,0,0,0,0,0,0,0,0,0,0,0,0,83,0,0,0,0,0,89.7,0,0,93.3,0,0,0,0,0,0,0,0,0,0,0,
Iraq,0,0,0,0,0,0,0,0,0,0,0,0,0,40.6,0,0,0,0,40.8,0,0,0,0,41,0,0,0,0,42.8,0,0,0,0,54.4,0,0,0,0,66,0,0,0,0,0,0,0,0,0,0,0,0,0,0,0,
Ireland,0,0,0,0,0,0,0,0,0,0,0,0,0,0,0,0,0,0,1.07,0,0,0,0,0,0,0,0,0,0,0,0,0,1.18,0,0,0,0,0,0,0,0,0,0,0,0,0.73,0,0.757,0,0,0,0,0,0,
Israel,0,0,0,0,0,0,0,0,1.56,0,0,0,0,1.63,0,0,0,0,1.7,0,0,0,0,0,1.9,0,0,0,1.8,0,0,0,0,1.81,0,0,0,0,0,0,1.83,0,1.95,0,0,0,0,0,0,0,0,0,0,0,
Italy,0,0,0,0,0,0,0,0,41.6,0,0,0,0,0,0,0,0,0,0,0,0,0,0,0,0,0,0,0,0,0,0,0,0,0,0,0,0,0,45.4,0,0,0,0,0,0,0,53.8,0,0,0,0,0,0,0,
Jamaica,0,0,0,0,0,0,0,0,0,0,0,0,0,0,0,0,0,0,0,0,0,0,0,0,0,0,0,0,0,0,0,0.928,0,0,0,0,0,0,0,0,0,0,0,0,0,0.812,0,0,0,0,0,0,0,0,
Japan,0,0,0,0,0,0,0,0,0,0,0,0,0,0,0,0,0,0,88.2,0,0,0,0,0,0,0,0,0,0,0,91.4,0,0,0,0,89.2,0,0,0,0,84.7,0,0,0,0,83,0,81.5,0,0,0,0,0,0,
Jordan,0,0,0,0,0,0,0,0,0,0,0,0,0,0.451,0,0,0,0,0.535,0,0,0,0,0.619,0,0,0,0,0,0,0.984,0,0,0,0,0,0,0,0,0,0.803,0,0,0,0,0.932,0,0,0,0,0.849,0,0,1.1,
Kazakhstan,0,0,0,0,0,0,0,0,0,0,0,0,0,0,0,0,0,0,0,0,0,0,0,0,0,0,0,0,0,0,0,0,0,33.7,0,0,0,0,0,0,19.7,0,0,0,0,20.7,0,0,21.1,0,0,0,0,0,
Kenya,0,0,0,0,0,0,0,0,0,0,0,0,0,0,0,0,0,0,0,0,0,0,0,0,0,0,0,0,2.05,0,0,0,0,0,0,0,0,0,0,0,0,2.32,0,0,0,0,0,0,3.22,0,0,0,0,0,
Kuwait,0,0,0,0,0,0,0,0,0,0,0,0,0,0,0,0,0,0,0,0,0,0,0,0,0,0,0,0,0,0,0,0,0.538,0,0,0,0,0,0,0,0.913,0,0,0,0,0,0,0,0,0,0,0,0,0,
Kyrgyz Republic,0,0,0,0,0,0,0,0,0,0,0,0,0,0,0,0,0,0,0,0,0,0,0,0,0,0,0,0,0,0,0,0,10.1,0,0,0,0,0,10.1,0,0,0,0,0,8.01,0,0,0,0,0,0,0,0,0,
Lao,0,0,0,0,0,0,0,0,0,0,0,0,0,0,0,0,0,0,0,0,0,0,0,0,0,0,0,0,0,0,0,0,0,0,0,0,0,0,0,0,0,0,0,3.49,0,0,0,0,0,0,0,0,0,0,
Latvia,0,0,0,0,0,0,0,0,0,0,0,0,0,0,0,0,0,0,0,0,0,0,0,0,0,0,0,0,0,0,0,0,0,0.418,0,0,0,0,0,0,0.256,0,0,0,0,0.218,0,0,0,0,0.26,0.248,0,0,
Lebanon,0,0,0,0,0,0,0,0,0,0,0,0,0,0.751,0,0,0,0,0,0,0,0,0,0,0,0,0,0,0,0,0,0,1.29,0,0,0,0,0,1.43,0,0,0,0,1.31,0,0,0,0,0,0,0,0,0,0,
Lesotho,0,0,0,0,0,0,0,0,0,0,0,0,0,0,0,0,0,0,0,0,0,0,0,0,0,0.05,0,0,0,0,0,0,0,0,0,0,0,0,0.0438,0,0,0,0,0,0,0,0,0,0,0,0,0,0,0,
Liberia,0,0,0,0,0,0,0,0,0,0,0,0,0,0,0,0,0,0,0,0,0,0,0,0,0,0.13,0,0,0,0,0,0,0,0,0,0,0,0,0.131,0,0,0,0,0,0,0,0,0,0,0,0,0,0,0,
Libya,0,0,0,0,0,0,0,0,0,0,0,0,0,1.2,0,0,0,0,1.47,0,0,0,0,3.12,0,0,0,0,4.76,0,0,0,4.6,0,0,0,0,0,4.33,0,0,0,0,4.87,0,0,0,0,0,0,5.83,0,0,0,
Lithuania,0,0,0,0,0,0,0,0,0,0,0,0,0,0,0,0,0,0,0,0,0,0,0,0,0,0,0,0,0,0,0,0,0,4.35,0,0,0,0,0,2.77,0,0,0,0,0,2.27,0,0,0,0.631,0,0,0,0,
Luxembourg,0,0,0,0,0,0,0,0,0.0348,0,0,0,0,0.0425,0,0,0,0,0.0397,0,0,0,0,0.067,0,0,0,0,0,0,0,0,0,0.0565,0,0,0,0.0605,0,0,0,0,0,0,0,0,0,0,0,0,0.0445,0.0431,0,0,
"Macedonia, FYR",0,0,0,0,0,0,0,0,0,0,0,0,0,0,0,0,0,0,0,0,0,0,0,0,0,0,0,0,0,0,0,0,0,0,1.55,0,0,0,0,0,0.633,0,0,0,0,0.551,0,0,0,0,0,0,0,0,
Madagascar,0,0,0,0,0,0,0,0,0,0,0,0,0,0,0,0,0,0,0,0,0,0,16.3,0,0,0,0,0,0,0,0,0,0,0,0,0,0,0,13.4,0,0,0,0,0,13.6,0,0,0,0,0,0,0,0,0,
Malawi,0,0,0,0,0,0,0,0,0,0,0,0,0,0,0,0,0,0,0,0,0,0,0,0,0,0,0,0,0,0,0,0,0.936,0,0,0,0,0,0,0,1.32,0,0,1.36,0,0,0,0,0,0,0,0,0,0,
Malaysia,0,0,0,0,0,0,0,0,0,0,0,0,0,0,0,0,0,0,0,0,0,0,0,0,0,0,0,0,10.1,0,0,0,0,0,5.49,0,0,0,9.3,0,0,0,0,11.2,0,0,0,0,0,0,0,0,0,0,
Maldives,0,0,0,0,0,0,0,0,0,0,0,0,0,0,0,0,0,0,0,0,0,0,0,0,0,0.0034,0,0,0,0,0,0,0,0,0,0,0,0,0,0,0,0,0,0,0,0,0.0059,0,0,0,0,0,0,0,
Mali,0,0,0,0,0,0,0,0,0,0,0,0,0,0,0,0,0,0,0,0,0,0,0,0,0,1.36,0,0,0,0,0,0,0,0,0,0,0,0,0,0,0,0,0,0,5.19,0,0,0,0,0,0,0,0,0,
Malta,0,0,0,0,0,0,0,0,0,0,0,0,0,0,0,0,0,0,0.02,0,0,0,0,0,0,0,0,0,0,0,0,0,0,0.056,0,0,0,0,0,0,0.0538,0,0,0,0,0.0557,0,0,0,0,0.0399,0.0453,0,0,
Mauritania,0,0,0,0,0,0,0,0,0,0,0,0,0,0,0,0,0,0,0.73,0,0,0,0,0,0,0,0,0,0,0,0,0,0,0,0,0,0,0,1.6,0,0,0,0,1.35,0,0,0,0,0,0,0,0,0,0,
Mauritius,0,0,0,0,0,0,0,0,0,0,0,0,0,0.36,0,0,0,0,0,0,0,0,0,0,0,0,0,0,0.566,0,0,0,0,0.615,0,0,0,0,0.61,0,0,0.725,0,0,0,0,0,0,0,0,0,0,0,0,
Mexico,0,0,0,0,0,0,0,0,0,0,0,0,0,0,0,0,0,0,56,0,0,0,0,0,0,0,0,0,0,0,0,0,0,0,0,0,0,0,0,0,72.6,0,0,0,0,79,0,0,0,0,82.7,0,0,85.7,
Moldova,0,0,0,0,0,0,0,0,0,0,0,0,0,0,0,0,0,0,0,0,0,0,0,0,0,0,0,0,0,0,1.96,0,0,0,0,0,0,0,0,0,0,0,0,0,0,1.06,0,0,0,0,0,0,0,0,
Monaco,0,0,0,0,0,0,0,0,0,0,0,0,0,0,0,0,0,0,0,0,0,0,0,0,0,0,0,0,0.0067,0,0,0,0,0,0,0.006,0,0,0,0,0.0058,0,0,0,0,0.0055,0,0.005,0,0,0,0,0,0,
Mongolia,0,0,0,0,0,0,0,0,0,0,0,0,0,0,0,0,0,0,0,0,0,0,0,0,0,0,0,0,0,0,0,0.428,0,0,0,0,0,0,0,0,0,0,0,0,0.54,0,0,0.551,0,0,0,0,0,0,
Montenegro,0,0,0,0,0,0,0,0,0,0,0,0,0,0,0,0,0,0,0,0,0,0,0,0,0,0,0,0,0,0,0,0,0,0,0,0,0,0,0,0,0,0,0,0,0,0,0,0,0.161,0,0,0,0,0,
Morocco,0,0,0,0,0,0,0,0,0,0,0,0,0,9,0,0,0,0,10.1,0,0,0,0,11,0,0,0,0,0,0,11,0,0,11.3,0,0,0,0,0,0,14.8,0,0,0,0,0,0,0,10.4,0,0,0,0,0,
Mozambique,0,0,0,0,0,0,0,0,0,0,0,0,0,0,0,0,0,0,0,0,0,0,0,0,0,0,0,0,0.605,0,0,0,0,0,0,0,0,0,0,0.884,0,0,0,0,0,0,0,0,0,0,0,0,0,1.47,
Myanmar,0,0,0,0,0,0,0,0,0,0,0,0,0,0,0,0,0,0,0,0,0,0,0,0,0,28.3,0,0,0,0,0,0,0,0,0,0,0,0,33.2,0,0,0,0,0,0,0,0,0,0,0,0,0,0,0,
Namibia,0,0,0,0,0,0,0,0,0,0,0,0,0,0,0,0,0,0,0,0,0,0,0,0.14,0,0,0,0,0,0.249,0,0,0,0.273,0,0,0,0,0,0,0.288,0,0,0,0,0,0,0,0,0,0,0,0,0,
Nepal,0,0,0,0,0,0,0,0,0,0,0,0,0,0,0,0,0,0,0,0,0,0,0,0,0,0,0,0,0,0,0,0,0,0,0,0,0,0,9.56,0,0,0,0,0,9.5,0,0,0,0,0,0,0,0,0,
Netherlands,0,0,0,0,0,0,0,0,0,0,0,0,0,0,0,0,0,0,9.2,0,0,0,0,9.35,0,0,0,0,0,7.98,0,0,0,0,6.51,0,0,0,0,0,8.91,0,0,0,0,10.9,0,0,0,0,10.7,0,0,0,
New Zealand,0,0,0,0,0,0,0,0,0,0,0,0,0,0,0,0,0,0,1.2,0,0,0,0,1.9,0,0,0,0,0,0,0,0,0,0,0,0,0,3.14,0,0,0,0,0,0,4.91,0,0,0,5.2,0,0,0,0,0,
Nicaragua,0,0,0,0,0,0,0,0,0,0,0,0,0,0,0,0,0,0,0,0,0,0,0,0,0,0,0,0,0,0,0,0,0,0,0,0,0,0,0,1.39,0,0,0,0,0,0,0,0,0,1.54,0,0,0,0,
Niger,0,0,0,0,0,0,0,0,0,0,0,0,0,0,0,0,0,0,0,0,0,0,0,0,0,0,0.5,0,0,0,0,0,0,0,0,0,0,0,0,0,0,0,0,0.984,0,0,0,0,0,0,0,0,0,0,
Nigeria,0,0,0,0,0,0,0,0,0,0,0,0,0,0,0,0,0,0,0,0,0,0,0,0,0,5.59,0,0,0,0,0,0,0,0,0,0,0,0,10.3,0,0,0,0,11.6,0,0,0,0,12.5,0,0,0,0,0,
North Korea,0,0,0,0,0,0,0,0,0,0,0,0,0,0,0,0,0,0,0,0,0,0,0,0,0,0,0,0,0,0,0,0,0,0,0,0,0,0,0,0,0,0,0,8.66,0,0,0,0,0,0,0,0,0,0,
Norway,0,0,0,0,0,0,0,0,0,0,0,0,0,0,0,0,0,0,2,0,0,0,0,0,0,0,0,0,0,0,0,0,0,0,2.42,0,0,0,0,0,2.4,0,0,0,0,3.03,0,0,0,0,0,0,0,0,
Oman,0,0,0,0,0,0,0,0,0,0,0,0,0,0,0,0,0,0,0,0,0,0,0,0,0,0,0,0,0,1.22,0,0,0,0,0,0,0,0,1.36,0,0,1.32,0,0,0,0,0,0,0,0,0,0,0,0,
Pakistan,0,0,0,0,0,0,0,0,0,0,0,0,0,153,0,0,0,0,0,0,0,0,0,0,0,0,0,0,0,156,0,0,0,0,0,0,0,0,173,0,0,0,0,0,0,0,184,0,0,0,0,0,0,0,
Palestine,0,0,0,0,0,0,0,0,0,0,0,0,0,0,0,0,0,0,0,0,0,0,0,0,0,0,0,0,0,0,0,0,0,0,0,0,0,0,0,0.279,0,0,0,0.418,0,0,0,0,0,0,0,0,0,0,
Panama,0,0,0,0,0,0,0,0,0,0,0,0,0,0,0,0,0,0,0,0,0,0,0,0,0,0,0,0,0,0,0,0,0,0,0,0,0,0,0,0,0,0,0,0,0,0,0,0,1.04,0,0,0,0,0,
Papua New Guinea,0,0,0,0,0,0,0,0,0,0,0,0,0,0,0,0,0,0,0,0,0,0,0,0,0,0,0,0,0,0,0,0,0,0,0,0,0,0,0.271,0,0,0,0,0.392,0,0,0,0,0,0,0,0,0,0,
Paraguay,0,0,0,0,0,0,0,0,0,0,0,0,0,0,0,0,0,0,0,0,0,0,0,0,0,0.43,0,0,0,0,0,0,0,0,0,0,0,0,0.49,0,0,0,0,0,0,0,0,0,0,0,2.41,0,0,0,
Peru,0,0,0,0,0,0,0,0,0,0,0,0,0,0,0,0,0,0,0,0,0,0,0,0,0,0,0,0,0,0,0,0,0,0,0,0,0,0,0,0,0,0,0,0,0,0,13.7,0,0,0,0,0,0,0,
Philippines,0,0,0,0,0,0,0,0,0,0,0,0,0,0,0,0,0,0,0,0,0,0,0,0,0,0,0,0,0,0,0,0,0,0,0,0,0,0,0,0,0,0,0,0,78.9,0,0,81.6,0,0,0,0,0,0,
Poland,0,0,0,0,0,0,0,0,10.1,0,0,0,0,13.5,0,0,0,0,15.1,0,0,0,0,16.4,0,0,0,0,0,0,13.4,0,0,0,0,12.8,0,0,0,0,11.7,0,0,0,0,12,0,0,0,0,11.5,0,0,0,
Portugal,0,0,0,0,0,0,0,0,0,0,0,0,0,0,0,0,0,0,0,0,0,0,0,0,0,0,0,0,0,8.6,0,0,0,0,0,0,11.1,0,0,0,0,0,0,0,0,9.15,0,0,0,0,0,0,0,0,
Qatar,0,0,0,0,0,0,0,0,0,0,0,0,0,0.15,0,0,0,0,0,0,0,0,0,0,0,0,0,0,0,0,0,0,0.285,0,0,0,0,0,0.294,0,0,0,0,0.444,0,0,0,0,0,0,0,0,0,0,
Romania,0,0,0,0,0,0,0,0,9.59,0,0,0,0,14.4,0,0,0,0,18.8,0,0,0,0,20.5,0,0,0,0,20.4,0,0,0,0,0,0,12.5,0,0,0,0,9.22,0,0,0,0,6.88,0,0,0,0,6.48,6.42,0,0,
Russia,0,0,0,0,0,0,0,0,0,0,0,0,0,0,0,0,0,0,0,0,0,0,0,0,0,0,0,0,0,0,0,0,77.1,0,0,0,0,0,0,66.2,0,0,0,0,0,0,0,0,0,0,0,61,0,0,
Rwanda,0,0,0,0,0,0,0,0,0,0,0,0,0,0,0,0,0,0,0,0,0,0,0,0,0,0,0,0,0,0,0,0,0,0,0,0,0,0,0.15,0,0,0,0,0,0,0,0,0,0,0,0,0,0,0,
Sao Tome and Principe,0,0,0,0,0,0,0,0,0,0,0,0,0,0,0,0,0,0,0,0,0,0,0,0,0,0,0,0,0,0,0,0.007,0,0,0,0,0,0,0,0,0,0,0,0,0,0,0,0,0,0,0,0,0,0,
Saudi Arabia,0,0,0,0,0,0,0,0,0,0,0,0,0,0,0,0,0,0,0,0,0,0,0,0,0,0,0,0,0,0,17,0,0,0,0,0,0,0,0,0,0,0,0,0,23.7,0,0,0,0,0,0,0,0,0,
Senegal,0,0,0,0,0,0,0,0,0,0,0,0,0,0,0,0,0,0,0,0,0,0,0,0,0,1.36,0,0,0,0,0,0,0,0,0,0,0,0,0,0,2.22,0,0,0,0,0,0,0,0,0,0,0,0,0,
Serbia,0,0,0,0,0,0,0,0,0,0,0,0,0,0,0,0,0,0,0,0,0,0,0,0,0,0,0,0,0,0,0,0,0,0,0,0,0,0,0,0,0,0,0,0,0,3.96,0,0,0,0,3.87,4.15,0,0,
Seychelles,0,0,0,0,0,0,0,0,0,0,0,0,0,0,0,0,0,0,0,0,0,0,0,0,0,0,0,0.0119,0,0,0,0,0,0,0,0,0,0,0,0,0,0,0,0.0137,0,0,0,0,0,0,0,0,0,0,
Sierra Leone,0,0,0,0,0,0,0,0,0,0,0,0,0,0,0,0,0,0,0,0,0,0,0,0,0,0.37,0,0,0,0,0,0,0,0,0,0,0,0,0.189,0,0,0,0,0.212,0,0,0,0,0,0,0,0,0,0,
Singapore,0,0,0,0,0,0,0,0,0,0,0,0,0,0.19,0,0,0,0,0,0,0,0,0,0,0,0,0,0,0,0,0,0,0,0,0,0,0,0,0,0,0,0,0,0,0,0,0,0,0,0,0,0,0,0,
Slovak Republic,0,0,0,0,0,0,0,0,0,0,0,0,0,0,0,0,0,0,0,0,0,0,0,0,0,0,0,0,0,0,0,0,0,0,0,1.31,0,0,0,0,1.09,0,0,0,0,0.688,0,0,0,0,0.665,0,0.559,0,
Slovenia,0,0,0,0,0,0,0,0,0,0,0,0,0,0,0,0,0,0,0,0,0,0,0,0,0,0,0,0,0,0,0,0,0,0,0,0,0,0,0,0,0.899,0,0,0,0,0.935,0,0,0,0,0.928,1.16,0,0,
Somalia,0,0,0,0,0,0,0,0,0,0,0,0,0,0,0,0,0,0,0,0,0,0,0,0,0,0.81,0,0,0,0,0,0,0,0,0,0,0,0,3.29,0,0,3.3,0,0,0,0,0,0,0,0,0,0,0,0,
South Africa,0,0,0,0,0,0,0,0,0,0,0,0,0,0,0,0,0,0,0,0,0,0,0,0,0,0,0,0,13.3,0,0,0,0,12.9,0,0,0,0,12.8,0,0,0,0,0,0,0,0,0,0,0,0,15.5,0,0,
South Korea,0,0,0,0,0,0,0,0,0,0,0,0,0,0,0,0,0,0,0,0,0,0,0,0,0,0,0,0,20.6,0,0,0,0,0,0,25.4,0,0,0,0,29.2,0,0,29.2,0,0,0,0,0,0,0,0,0,0,
South Sudan,0,0,0,0,0,0,0,0,0,0,0,0,0,0,0,0,0,0,0,0,0,0,0,0,0,0,0,0,0,0,0,0,0,0,0,0,0,0,0,0,0,0,0,0,0,0,0,0,0,0.658,0,0,0,0,
Spain,0,0,0,0,0,0,0,0,0,0,0,0,0,36.1,0,0,0,0,39.9,0,0,0,0,0,45.9,0,0,0,0,36.9,0,0,0,0,0,34.6,0,0,0,0,35.9,0,0,0,0,35.6,0,0,0,0,37.4,0,0,0,
Sri Lanka,0,0,0,0,0,0,0,0,0,0,0,0,0,0,0,0,0,0,0,0,0,0,0,0,0,0,0,0,9.77,0,0,0,0,0,0,0,0,0,13,0,0,0,0,12.9,0,0,0,0,0,0,0,0,0,0,
St. Kitts and Nevis,0,0,0,0,0,0,0,0,0,0,0,0,0,0,0,0,0,0,0,0,0,0,0,0,0,0,0,0,0,0,0,0,0,0,0,0,0,0,0,0,0,0,0,0,0,0,0,0,0,0,0.0156,0,0,0,
St. Lucia,0,0,0,0,0,0,0,0,0,0,0,0,0,0,0,0,0,0,0,0,0,0,0,0,0,0,0,0,0,0,0,0,0,0,0,0,0,0,0,0,0,0,0,0,0,0.0429,0,0,0,0,0,0,0,0,
St. Vincent and the Grenadines,0,0,0,0,0,0,0,0,0,0,0,0,0,0,0,0,0,0,0,0,0,0,0,0,0,0,0,0,0,0,0,0,0,0.01,0,0,0,0,0,0,0,0,0,0,0,0,0,0,0,0,0,0.0085,0,0,
Sudan,0,0,0,0,0,0,0,0,0,0,0,0,0,0,0,0,0,0,0,0,0,0,0,0,0,0,0,0,0,0,0,0,0,0,0,0,0,0,0,0,0,0,0,0,0,0,0,0,0,26.9,0,0,0,0,
Suriname,0,0,0,0,0,0,0,0,0,0,0,0,0,0,0,0,0,0,0,0,0,0,0,0,0,0.46,0,0,0,0,0,0,0,0,0,0,0,0,0.67,0,0,0,0,0,0.616,0,0,0,0,0,0,0,0,0,
Swaziland,0,0,0,0,0,0,0,0,0,0,0,0,0,0,0,0,0,0,0.657,0,0,0,0,0,0,0,0,0,0,0,0,0,0,0,0,0,0,0,1.04,0,0,0,0,0,0,0,0,0,0,0,0,0,0,0,
Sweden,0,0,0,0,0,0,0,0,4.07,0,0,0,0,4.13,0,0,0,0,4.11,0,0,0,0,2.97,0,0,0,0,0,0,2.97,0,0,0,0,2.71,0,0,0,0,2.68,0,0,0,0,2.63,0,0,2.69,0,0,0,0,0,
Switzerland,0,0,0,0,0,0,0,0,0,0,0,0,0,2.6,0,0,0,0,2.59,0,0,0,0,2.65,0,0,0,0,0,0,2.69,0,0,0,0,2.56,0,0,0,0,2.52,0,0,0,0,0,0,0,0,0,2,0,0,0,
Syria,0,0,0,0,0,0,0,0,0,0,0,0,0,3.34,0,0,0,0,0,0,0,0,0,0,0,0,0,0,0,0,0,0,0,0,0,14.4,0,0,0,0,16.4,0,0,16.8,0,0,0,0,0,0,0,0,0,0,
Tajikistan,0,0,0,0,0,0,0,0,0,0,0,0,0,0,0,0,0,0,0,0,0,0,0,0,0,0,0,0,0,0,0,0,11.9,0,0,0,0,0,12,0,0,0,0,0,11.5,0,0,0,0,0,0,0,0,0,
Tanzania,0,0,0,0,0,0,0,0,0,0,0,0,0,0,0,0,0,0,0,0,0,0,0,0,0,0,0,0,0,0,0,0,0,0,0,0,0,0,0,0,5.18,0,0,0,0,0,0,0,0,0,0,0,0,0,
Thailand,0,0,0,0,0,0,0,0,0,0,0,0,0,0,0,0,0,0,0,0,0,0,0,0,0,0,0,0,0,0,0,0,0,0,0,0,0,0,0,0,0,0,0,0,0,57.3,0,0,0,0,0,0,0,0,
Timor-Leste,0,0,0,0,0,0,0,0,0,0,0,0,0,0,0,0,0,0,0,0,0,0,0,0,0,0,0,0,0,0,0,0,0,0,0,0,0,0,0,0,0,0,1.17,0,0,0,0,0,0,0,0,0,0,0,
Togo,0,0,0,0,0,0,0,0,0,0,0,0,0,0,0,0,0,0,0,0,0,0,0,0,0,0.091,0,0,0,0,0,0,0,0,0,0,0,0,0,0,0.169,0,0,0,0,0,0,0,0,0,0,0,0,0,
Trinidad and Tobago,0,0,0,0,0,0,0,0,0,0,0,0,0,0,0,0,0,0,0,0,0,0,0,0,0,0,0,0,0,0,0,0,0,0,0,0.297,0,0,0.314,0,0,0,0,0.345,0,0,0,0,0,0.383,0,0,0,0,
Tunisia,0,0,0,0,0,0,0,0,0,0,0,0,0,1.07,0,0,0,0,1.9,0,0,0,0,2.3,0,0,0,0,3.08,0,0,0,0,2.86,0,0,0,0,0,2.85,0,0,0,0,0,0,0,0,0,3.31,0,0,0,0,
Turkey,0,0,0,0,0,0,0,0,0,0,0,0,0,0,0,0,0,0,0,0,0,0,0,0,0,0,0,0,0,0,31.6,0,0,0,0,0,0,0,42,0,0,40.1,0,0,0,0,42,0,0,0,0,0,0,0,
Turkmenistan,0,0,0,0,0,0,0,0,0,0,0,0,0,0,0,0,0,0,0,0,0,0,0,0,0,0,0,0,0,0,0,0,23.8,0,0,0,0,0,24.9,0,0,0,27.9,0,0,0,0,0,0,0,0,0,0,0,
Uganda,0,0,0,0,0,0,0,0,0.2,0,0,0,0,0,0,0,0,0,0,0,0,0,0,0,0,0,0,0,0,0,0,0,0,0,0,0,0,0,0,0,0.317,0,0,0,0,0,0.637,0,0,0,0,0,0,0,
Ukraine,0,0,0,0,0,0,0,0,0,0,0,0,0,0,0,0,0,0,0,0,0,0,0,0,0,0,0,0,0,0,26,0,0,0,0,0,0,0,18.3,0,0,0,0,15.1,0,0,0,0,14.8,0,0,0,0,0,
United Arab Emirates,0,0,0,0,0,0,0,0,0,0,0,0,0,0,0,0,0,0,0.9,0,0,0,0,0,0,0,0,0,0,0,0,0,0,2.11,0,0,0,0,2.9,0,0,0,0,4,0,0,0,0,0,0,0,0,0,0,
United Kingdom,0,0,0,0,0,0,0,0,0,0,0,0,0,0,0,0,0,0,13.5,0,0,0,0,11.5,0,0,0,0,12.1,0,0,0,0,12.1,0,0,0,0,0,0,15.8,0,0,0,0,8.51,0,0,0,0,8.21,0,0,0,
United States,0,0,0,0,0,0,0,0,0,0,0,0,0,0,0,0,0,0,518,0,0,0,0,0,0,0,0,0,559,0,0,0,0,0,0,0,0,0,559,0,0,0,0,562,0,0,0,0,486,0,0,0,0,0,
Uruguay,0,0,0,0.65,0,0,0,0,0,0,0,0,0,0,0,0,0,0,0,0,0,0,0,0,0,0,0,0,0,0,0,0,0,0,0,0,0,0,3.66,0,0,0,0,0,0,0,0,0,0,0,0,0,0,0,
Uzbekistan,0,0,0,0,0,0,0,0,0,0,0,0,0,0,0,0,0,0,0,0,0,0,0,0,0,0,0,0,0,0,0,0,58,0,0,0,0,0,0,60.6,0,0,0,56,0,0,0,0,0,0,0,0,0,0,
Venezuela,0,0,0,0,0,0,0,0,4.1,0,0,0,0,0,0,0,0,0,0,0,0,0,0,0,0,0,0,0,0,0,0,0,0,0,0,0,0,0,9.06,0,0,0,0,0,0,22.6,0,0,0,0,0,0,0,0,
Vietnam,0,0,0,0,0,0,0,0,0,0,0,0,0,0,0,0,0,0,37.9,0,0,0,0,45.3,0,0,0,0,0,0,0,0,0,0,0,0,0,0,0,0,0,0,0,82,0,0,0,0,0,0,0,0,0,0,
Yemen,0,0,0,0,0,0,0,0,0,0,0,0,0,0,0,0,0,0,0,0,0,0,0,0,0,0,0,0,2.93,0,0,0,0,0,0,0,0,0,3.4,0,0,0,0,3.56,0,0,0,0,0,0,0,0,0,0,
Zambia,0,0,0,0,0,0,0,0,0,0,0,0,0,0,0,0,0,0,0,0,0,0,0,0,0,0,0,0,0,0,1.75,0,1.71,0,0,0,0,0,0,0,1.57,0,0,0,0,0,0,0,0,0,0,0,0,0,
Zimbabwe,0,0,0,0,0,0,0,0,0,0,0,0,0,0,0,0,0,0,0,0,0,0,0,0,0,1.22,0,0,0,0,0,0,0,0,0,0,0,0,0,0,4.21,0,0,0,0,3.57,0,0,0,0,0,0,0,0,
